"replicate","Estimator","Procedure","ModelSpec","n_obs","estimate","bias","eif_var","eif_se","bootstrap_se","bootstrap_bias","bc_estimate","ci_lower","ci_upper","bc_ci_lower","bc_ci_upper","covered_true_95","covered_true_95_bc","reject_h0_effect","reject_h0_null","bootstrap_time_sec","replicate_time_sec","covered_mc_mean_95"
1,"unadj","tmle","m2",308,50.7306502360427,0.730650236042692,NA,NA,NA,NA,NA,NA,NA,NA,NA,NA,NA,NA,NA,NA,0.0019688606262207,NA
2,"unadj","tmle","m2",303,48.2623914884437,-1.73760851155635,NA,NA,NA,NA,NA,NA,NA,NA,NA,NA,NA,NA,NA,NA,0.00111079216003418,NA
3,"unadj","tmle","m2",314,77.4071329194788,27.4071329194788,NA,NA,NA,NA,NA,NA,NA,NA,NA,NA,NA,NA,NA,NA,0.00125336647033691,NA
4,"unadj","tmle","m2",318,57.9078171705288,7.90781717052883,NA,NA,NA,NA,NA,NA,NA,NA,NA,NA,NA,NA,NA,NA,0.0011601448059082,NA
5,"unadj","tmle","m2",304,60.6358597741793,10.6358597741793,NA,NA,NA,NA,NA,NA,NA,NA,NA,NA,NA,NA,NA,NA,0.00118637084960938,NA
6,"unadj","tmle","m2",307,74.1307270738188,24.1307270738188,NA,NA,NA,NA,NA,NA,NA,NA,NA,NA,NA,NA,NA,NA,0.00115728378295898,NA
7,"unadj","tmle","m2",317,69.8447074818783,19.8447074818783,NA,NA,NA,NA,NA,NA,NA,NA,NA,NA,NA,NA,NA,NA,0.00120711326599121,NA
8,"unadj","tmle","m2",316,55.134363035008,5.13436303500799,NA,NA,NA,NA,NA,NA,NA,NA,NA,NA,NA,NA,NA,NA,0.00127625465393066,NA
9,"unadj","tmle","m2",298,51.465949858406,1.46594985840602,NA,NA,NA,NA,NA,NA,NA,NA,NA,NA,NA,NA,NA,NA,0.00108170509338379,NA
10,"unadj","tmle","m2",289,67.1235683098806,17.1235683098806,NA,NA,NA,NA,NA,NA,NA,NA,NA,NA,NA,NA,NA,NA,0.000696897506713867,NA
11,"unadj","tmle","m2",304,56.3071203485236,6.30712034852363,NA,NA,NA,NA,NA,NA,NA,NA,NA,NA,NA,NA,NA,NA,0.00087738037109375,NA
12,"unadj","tmle","m2",293,73.6911282797636,23.6911282797636,NA,NA,NA,NA,NA,NA,NA,NA,NA,NA,NA,NA,NA,NA,0.000613689422607422,NA
13,"unadj","tmle","m2",317,64.8606265185539,14.8606265185539,NA,NA,NA,NA,NA,NA,NA,NA,NA,NA,NA,NA,NA,NA,0.000635147094726562,NA
14,"unadj","tmle","m2",323,49.3941645737897,-0.605835426210263,NA,NA,NA,NA,NA,NA,NA,NA,NA,NA,NA,NA,NA,NA,0.000657558441162109,NA
15,"unadj","tmle","m2",309,43.4339020792421,-6.56609792075787,NA,NA,NA,NA,NA,NA,NA,NA,NA,NA,NA,NA,NA,NA,0.00068211555480957,NA
16,"unadj","tmle","m2",312,66.4931405095572,16.4931405095572,NA,NA,NA,NA,NA,NA,NA,NA,NA,NA,NA,NA,NA,NA,0.000726938247680664,NA
17,"unadj","tmle","m2",306,65.5802919761448,15.5802919761448,NA,NA,NA,NA,NA,NA,NA,NA,NA,NA,NA,NA,NA,NA,0.000658988952636719,NA
18,"unadj","tmle","m2",308,51.2886291355891,1.2886291355891,NA,NA,NA,NA,NA,NA,NA,NA,NA,NA,NA,NA,NA,NA,0.000665664672851562,NA
19,"unadj","tmle","m2",317,55.5977366573021,5.59773665730214,NA,NA,NA,NA,NA,NA,NA,NA,NA,NA,NA,NA,NA,NA,0.000611543655395508,NA
20,"unadj","tmle","m2",318,60.000960865529,10.000960865529,NA,NA,NA,NA,NA,NA,NA,NA,NA,NA,NA,NA,NA,NA,0.000718116760253906,NA
21,"unadj","tmle","m2",312,58.6512248166123,8.65122481661234,NA,NA,NA,NA,NA,NA,NA,NA,NA,NA,NA,NA,NA,NA,0.000622749328613281,NA
22,"unadj","tmle","m2",320,58.9020835353041,8.90208353530414,NA,NA,NA,NA,NA,NA,NA,NA,NA,NA,NA,NA,NA,NA,0.000705242156982422,NA
23,"unadj","tmle","m2",315,77.9553279599716,27.9553279599716,NA,NA,NA,NA,NA,NA,NA,NA,NA,NA,NA,NA,NA,NA,0.000689268112182617,NA
24,"unadj","tmle","m2",304,83.6811697549356,33.6811697549356,NA,NA,NA,NA,NA,NA,NA,NA,NA,NA,NA,NA,NA,NA,0.000687122344970703,NA
25,"unadj","tmle","m2",312,36.2783601520055,-13.7216398479945,NA,NA,NA,NA,NA,NA,NA,NA,NA,NA,NA,NA,NA,NA,0.000744104385375977,NA
26,"unadj","tmle","m2",305,77.8415437100664,27.8415437100664,NA,NA,NA,NA,NA,NA,NA,NA,NA,NA,NA,NA,NA,NA,0.000663042068481445,NA
27,"unadj","tmle","m2",308,59.8932930677374,9.8932930677374,NA,NA,NA,NA,NA,NA,NA,NA,NA,NA,NA,NA,NA,NA,0.000685930252075195,NA
28,"unadj","tmle","m2",311,52.6048559726064,2.6048559726064,NA,NA,NA,NA,NA,NA,NA,NA,NA,NA,NA,NA,NA,NA,0.000742673873901367,NA
29,"unadj","tmle","m2",296,49.5478033064312,-0.452196693568766,NA,NA,NA,NA,NA,NA,NA,NA,NA,NA,NA,NA,NA,NA,0.000687837600708008,NA
30,"unadj","tmle","m2",311,61.5309642346007,11.5309642346007,NA,NA,NA,NA,NA,NA,NA,NA,NA,NA,NA,NA,NA,NA,0.000712394714355469,NA
31,"unadj","tmle","m2",306,48.0891187691109,-1.91088123088906,NA,NA,NA,NA,NA,NA,NA,NA,NA,NA,NA,NA,NA,NA,0.000828981399536133,NA
32,"unadj","tmle","m2",310,55.9516516326084,5.95165163260842,NA,NA,NA,NA,NA,NA,NA,NA,NA,NA,NA,NA,NA,NA,0.000891208648681641,NA
33,"unadj","tmle","m2",308,59.1327094000362,9.13270940003616,NA,NA,NA,NA,NA,NA,NA,NA,NA,NA,NA,NA,NA,NA,0.000744104385375977,NA
34,"unadj","tmle","m2",283,46.6578405015985,-3.34215949840151,NA,NA,NA,NA,NA,NA,NA,NA,NA,NA,NA,NA,NA,NA,0.000695466995239258,NA
35,"unadj","tmle","m2",310,61.2924612689282,11.2924612689282,NA,NA,NA,NA,NA,NA,NA,NA,NA,NA,NA,NA,NA,NA,0.000834226608276367,NA
36,"unadj","tmle","m2",300,53.6856282382284,3.68562823822839,NA,NA,NA,NA,NA,NA,NA,NA,NA,NA,NA,NA,NA,NA,0.000680685043334961,NA
37,"unadj","tmle","m2",303,52.9654792614089,2.96547926140889,NA,NA,NA,NA,NA,NA,NA,NA,NA,NA,NA,NA,NA,NA,0.000766754150390625,NA
38,"unadj","tmle","m2",306,61.9948820614323,11.9948820614323,NA,NA,NA,NA,NA,NA,NA,NA,NA,NA,NA,NA,NA,NA,0.000844955444335938,NA
39,"unadj","tmle","m2",301,53.9118912717693,3.91189127176932,NA,NA,NA,NA,NA,NA,NA,NA,NA,NA,NA,NA,NA,NA,0.000735282897949219,NA
40,"unadj","tmle","m2",305,70.412400578235,20.412400578235,NA,NA,NA,NA,NA,NA,NA,NA,NA,NA,NA,NA,NA,NA,0.000952959060668945,NA
41,"unadj","tmle","m2",304,40.6044388353791,-9.39556116462091,NA,NA,NA,NA,NA,NA,NA,NA,NA,NA,NA,NA,NA,NA,0.000673055648803711,NA
42,"unadj","tmle","m2",303,45.0201415679256,-4.97985843207437,NA,NA,NA,NA,NA,NA,NA,NA,NA,NA,NA,NA,NA,NA,0.000740766525268555,NA
43,"unadj","tmle","m2",284,66.3483772674946,16.3483772674946,NA,NA,NA,NA,NA,NA,NA,NA,NA,NA,NA,NA,NA,NA,0.000720977783203125,NA
44,"unadj","tmle","m2",321,55.5570826181041,5.55708261810406,NA,NA,NA,NA,NA,NA,NA,NA,NA,NA,NA,NA,NA,NA,0.000697612762451172,NA
45,"unadj","tmle","m2",314,47.1266151299109,-2.87338487008907,NA,NA,NA,NA,NA,NA,NA,NA,NA,NA,NA,NA,NA,NA,0.000702857971191406,NA
46,"unadj","tmle","m2",295,55.46439690712,5.46439690712,NA,NA,NA,NA,NA,NA,NA,NA,NA,NA,NA,NA,NA,NA,0.000710964202880859,NA
47,"unadj","tmle","m2",319,45.9028337247819,-4.09716627521814,NA,NA,NA,NA,NA,NA,NA,NA,NA,NA,NA,NA,NA,NA,0.000887870788574219,NA
48,"unadj","tmle","m2",319,62.2447286233314,12.2447286233314,NA,NA,NA,NA,NA,NA,NA,NA,NA,NA,NA,NA,NA,NA,0.000955581665039062,NA
49,"unadj","tmle","m2",325,60.8688223519027,10.8688223519027,NA,NA,NA,NA,NA,NA,NA,NA,NA,NA,NA,NA,NA,NA,0.000825166702270508,NA
50,"unadj","tmle","m2",310,52.5609077784035,2.56090777840348,NA,NA,NA,NA,NA,NA,NA,NA,NA,NA,NA,NA,NA,NA,0.000743865966796875,NA
51,"unadj","tmle","m2",293,68.8573348455234,18.8573348455234,NA,NA,NA,NA,NA,NA,NA,NA,NA,NA,NA,NA,NA,NA,0.00079345703125,NA
52,"unadj","tmle","m2",319,59.5766035228557,9.57660352285566,NA,NA,NA,NA,NA,NA,NA,NA,NA,NA,NA,NA,NA,NA,0.000881671905517578,NA
53,"unadj","tmle","m2",292,56.8127880520924,6.8127880520924,NA,NA,NA,NA,NA,NA,NA,NA,NA,NA,NA,NA,NA,NA,0.000647544860839844,NA
54,"unadj","tmle","m2",312,47.767831898522,-2.23216810147798,NA,NA,NA,NA,NA,NA,NA,NA,NA,NA,NA,NA,NA,NA,0.000574827194213867,NA
55,"unadj","tmle","m2",299,62.8359449706175,12.8359449706175,NA,NA,NA,NA,NA,NA,NA,NA,NA,NA,NA,NA,NA,NA,0.000925064086914062,NA
56,"unadj","tmle","m2",312,53.2592290253524,3.2592290253524,NA,NA,NA,NA,NA,NA,NA,NA,NA,NA,NA,NA,NA,NA,0.00111246109008789,NA
57,"unadj","tmle","m2",292,63.1234732479341,13.1234732479341,NA,NA,NA,NA,NA,NA,NA,NA,NA,NA,NA,NA,NA,NA,0.00105452537536621,NA
58,"unadj","tmle","m2",314,56.6726862080576,6.67268620805757,NA,NA,NA,NA,NA,NA,NA,NA,NA,NA,NA,NA,NA,NA,0.000771284103393555,NA
59,"unadj","tmle","m2",301,73.2520300989236,23.2520300989236,NA,NA,NA,NA,NA,NA,NA,NA,NA,NA,NA,NA,NA,NA,0.000688791275024414,NA
60,"unadj","tmle","m2",307,59.9915928648349,9.99159286483487,NA,NA,NA,NA,NA,NA,NA,NA,NA,NA,NA,NA,NA,NA,0.000624656677246094,NA
61,"unadj","tmle","m2",305,66.9638865190135,16.9638865190135,NA,NA,NA,NA,NA,NA,NA,NA,NA,NA,NA,NA,NA,NA,0.000644922256469727,NA
62,"unadj","tmle","m2",302,60.8560600884985,10.8560600884985,NA,NA,NA,NA,NA,NA,NA,NA,NA,NA,NA,NA,NA,NA,0.000663042068481445,NA
63,"unadj","tmle","m2",295,66.9427270303001,16.9427270303001,NA,NA,NA,NA,NA,NA,NA,NA,NA,NA,NA,NA,NA,NA,0.000609874725341797,NA
64,"unadj","tmle","m2",311,66.2621903405062,16.2621903405062,NA,NA,NA,NA,NA,NA,NA,NA,NA,NA,NA,NA,NA,NA,0.000651121139526367,NA
65,"unadj","tmle","m2",290,57.1351324879936,7.13513248799364,NA,NA,NA,NA,NA,NA,NA,NA,NA,NA,NA,NA,NA,NA,0.000615119934082031,NA
66,"unadj","tmle","m2",285,59.4094930470468,9.40949304704679,NA,NA,NA,NA,NA,NA,NA,NA,NA,NA,NA,NA,NA,NA,0.000461339950561523,NA
67,"unadj","tmle","m2",306,64.6342478844358,14.6342478844358,NA,NA,NA,NA,NA,NA,NA,NA,NA,NA,NA,NA,NA,NA,0.000433683395385742,NA
68,"unadj","tmle","m2",303,60.1000823149506,10.1000823149506,NA,NA,NA,NA,NA,NA,NA,NA,NA,NA,NA,NA,NA,NA,0.000704050064086914,NA
69,"unadj","tmle","m2",303,62.5869022647405,12.5869022647405,NA,NA,NA,NA,NA,NA,NA,NA,NA,NA,NA,NA,NA,NA,0.000640153884887695,NA
70,"unadj","tmle","m2",302,67.5739852055957,17.5739852055957,NA,NA,NA,NA,NA,NA,NA,NA,NA,NA,NA,NA,NA,NA,0.000450849533081055,NA
71,"unadj","tmle","m2",309,78.5590801926385,28.5590801926385,NA,NA,NA,NA,NA,NA,NA,NA,NA,NA,NA,NA,NA,NA,0.000488996505737305,NA
72,"unadj","tmle","m2",305,62.2050815494563,12.2050815494563,NA,NA,NA,NA,NA,NA,NA,NA,NA,NA,NA,NA,NA,NA,0.00075840950012207,NA
73,"unadj","tmle","m2",308,40.393535536618,-9.60646446338197,NA,NA,NA,NA,NA,NA,NA,NA,NA,NA,NA,NA,NA,NA,0.000803709030151367,NA
74,"unadj","tmle","m2",312,69.7499048339065,19.7499048339065,NA,NA,NA,NA,NA,NA,NA,NA,NA,NA,NA,NA,NA,NA,0.000472307205200195,NA
75,"unadj","tmle","m2",287,71.2414130679446,21.2414130679446,NA,NA,NA,NA,NA,NA,NA,NA,NA,NA,NA,NA,NA,NA,0.000476598739624023,NA
76,"unadj","tmle","m2",300,49.089785339746,-0.910214660254042,NA,NA,NA,NA,NA,NA,NA,NA,NA,NA,NA,NA,NA,NA,0.000490427017211914,NA
77,"unadj","tmle","m2",296,65.147436945307,15.147436945307,NA,NA,NA,NA,NA,NA,NA,NA,NA,NA,NA,NA,NA,NA,0.000675678253173828,NA
78,"unadj","tmle","m2",317,55.5747648600711,5.57476486007113,NA,NA,NA,NA,NA,NA,NA,NA,NA,NA,NA,NA,NA,NA,0.000597953796386719,NA
79,"unadj","tmle","m2",296,33.8359356646451,-16.1640643353549,NA,NA,NA,NA,NA,NA,NA,NA,NA,NA,NA,NA,NA,NA,0.000478267669677734,NA
80,"unadj","tmle","m2",295,68.7151248842308,18.7151248842308,NA,NA,NA,NA,NA,NA,NA,NA,NA,NA,NA,NA,NA,NA,0.00056147575378418,NA
81,"unadj","tmle","m2",303,63.4091595789273,13.4091595789273,NA,NA,NA,NA,NA,NA,NA,NA,NA,NA,NA,NA,NA,NA,0.000688314437866211,NA
82,"unadj","tmle","m2",296,63.1169048349537,13.1169048349537,NA,NA,NA,NA,NA,NA,NA,NA,NA,NA,NA,NA,NA,NA,0.000711202621459961,NA
83,"unadj","tmle","m2",320,47.280482258065,-2.71951774193496,NA,NA,NA,NA,NA,NA,NA,NA,NA,NA,NA,NA,NA,NA,0.000687360763549805,NA
84,"unadj","tmle","m2",293,66.2788511906453,16.2788511906453,NA,NA,NA,NA,NA,NA,NA,NA,NA,NA,NA,NA,NA,NA,0.000624179840087891,NA
85,"unadj","tmle","m2",298,63.1604546249264,13.1604546249264,NA,NA,NA,NA,NA,NA,NA,NA,NA,NA,NA,NA,NA,NA,0.000662088394165039,NA
86,"unadj","tmle","m2",292,63.6460048871843,13.6460048871843,NA,NA,NA,NA,NA,NA,NA,NA,NA,NA,NA,NA,NA,NA,0.000619649887084961,NA
87,"unadj","tmle","m2",321,71.7188559474646,21.7188559474646,NA,NA,NA,NA,NA,NA,NA,NA,NA,NA,NA,NA,NA,NA,0.000403165817260742,NA
88,"unadj","tmle","m2",312,65.36564077366,15.36564077366,NA,NA,NA,NA,NA,NA,NA,NA,NA,NA,NA,NA,NA,NA,0.000391244888305664,NA
89,"unadj","tmle","m2",287,44.8635147846784,-5.13648521532161,NA,NA,NA,NA,NA,NA,NA,NA,NA,NA,NA,NA,NA,NA,0.000389814376831055,NA
90,"unadj","tmle","m2",300,49.7232207635798,-0.276779236420197,NA,NA,NA,NA,NA,NA,NA,NA,NA,NA,NA,NA,NA,NA,0.000398397445678711,NA
91,"unadj","tmle","m2",306,38.8081378362595,-11.1918621637405,NA,NA,NA,NA,NA,NA,NA,NA,NA,NA,NA,NA,NA,NA,0.000482082366943359,NA
92,"unadj","tmle","m2",293,52.2270346105834,2.22703461058336,NA,NA,NA,NA,NA,NA,NA,NA,NA,NA,NA,NA,NA,NA,0.000390052795410156,NA
93,"unadj","tmle","m2",291,84.2645955337423,34.2645955337423,NA,NA,NA,NA,NA,NA,NA,NA,NA,NA,NA,NA,NA,NA,0.000398874282836914,NA
94,"unadj","tmle","m2",296,89.1389717731732,39.1389717731732,NA,NA,NA,NA,NA,NA,NA,NA,NA,NA,NA,NA,NA,NA,0.000409126281738281,NA
95,"unadj","tmle","m2",312,54.78935196902,4.78935196901998,NA,NA,NA,NA,NA,NA,NA,NA,NA,NA,NA,NA,NA,NA,0.000385046005249023,NA
96,"unadj","tmle","m2",297,65.4100387293643,15.4100387293643,NA,NA,NA,NA,NA,NA,NA,NA,NA,NA,NA,NA,NA,NA,0.000460386276245117,NA
97,"unadj","tmle","m2",309,70.0125445761701,20.0125445761701,NA,NA,NA,NA,NA,NA,NA,NA,NA,NA,NA,NA,NA,NA,0.000460624694824219,NA
98,"unadj","tmle","m2",313,57.5249218615985,7.52492186159853,NA,NA,NA,NA,NA,NA,NA,NA,NA,NA,NA,NA,NA,NA,0.000475645065307617,NA
99,"unadj","tmle","m2",321,60.6149193252121,10.6149193252121,NA,NA,NA,NA,NA,NA,NA,NA,NA,NA,NA,NA,NA,NA,0.000399589538574219,NA
100,"unadj","tmle","m2",286,48.0324950004709,-1.96750499952907,NA,NA,NA,NA,NA,NA,NA,NA,NA,NA,NA,NA,NA,NA,0.000396728515625,NA
101,"unadj","tmle","m2",331,49.6179849839757,-0.382015016024269,NA,NA,NA,NA,NA,NA,NA,NA,NA,NA,NA,NA,NA,NA,0.000415563583374023,NA
102,"unadj","tmle","m2",310,58.0545965712055,8.05459657120545,NA,NA,NA,NA,NA,NA,NA,NA,NA,NA,NA,NA,NA,NA,0.00043034553527832,NA
103,"unadj","tmle","m2",286,64.1241845483383,14.1241845483383,NA,NA,NA,NA,NA,NA,NA,NA,NA,NA,NA,NA,NA,NA,0.00039362907409668,NA
104,"unadj","tmle","m2",317,65.2121562051914,15.2121562051914,NA,NA,NA,NA,NA,NA,NA,NA,NA,NA,NA,NA,NA,NA,0.000428438186645508,NA
105,"unadj","tmle","m2",310,42.1144830602675,-7.8855169397325,NA,NA,NA,NA,NA,NA,NA,NA,NA,NA,NA,NA,NA,NA,0.000447750091552734,NA
106,"unadj","tmle","m2",327,57.5286856009856,7.5286856009856,NA,NA,NA,NA,NA,NA,NA,NA,NA,NA,NA,NA,NA,NA,0.000830173492431641,NA
107,"unadj","tmle","m2",319,66.916716329126,16.916716329126,NA,NA,NA,NA,NA,NA,NA,NA,NA,NA,NA,NA,NA,NA,0.000393390655517578,NA
108,"unadj","tmle","m2",302,39.554584040585,-10.445415959415,NA,NA,NA,NA,NA,NA,NA,NA,NA,NA,NA,NA,NA,NA,0.000382184982299805,NA
109,"unadj","tmle","m2",314,52.306672142762,2.30667214276201,NA,NA,NA,NA,NA,NA,NA,NA,NA,NA,NA,NA,NA,NA,0.000451326370239258,NA
110,"unadj","tmle","m2",300,75.9107109588062,25.9107109588062,NA,NA,NA,NA,NA,NA,NA,NA,NA,NA,NA,NA,NA,NA,0.000394582748413086,NA
111,"unadj","tmle","m2",299,59.5497877326597,9.54978773265969,NA,NA,NA,NA,NA,NA,NA,NA,NA,NA,NA,NA,NA,NA,0.000704526901245117,NA
112,"unadj","tmle","m2",281,39.6071159710217,-10.3928840289783,NA,NA,NA,NA,NA,NA,NA,NA,NA,NA,NA,NA,NA,NA,0.000444889068603516,NA
113,"unadj","tmle","m2",303,59.2156197089825,9.21561970898253,NA,NA,NA,NA,NA,NA,NA,NA,NA,NA,NA,NA,NA,NA,0.000376701354980469,NA
114,"unadj","tmle","m2",309,55.8343694321662,5.8343694321662,NA,NA,NA,NA,NA,NA,NA,NA,NA,NA,NA,NA,NA,NA,0.000519514083862305,NA
115,"unadj","tmle","m2",283,69.7203536247711,19.7203536247711,NA,NA,NA,NA,NA,NA,NA,NA,NA,NA,NA,NA,NA,NA,0.000428915023803711,NA
116,"unadj","tmle","m2",321,53.4096461346836,3.40964613468364,NA,NA,NA,NA,NA,NA,NA,NA,NA,NA,NA,NA,NA,NA,0.000616312026977539,NA
117,"unadj","tmle","m2",310,61.1326866868993,11.1326866868993,NA,NA,NA,NA,NA,NA,NA,NA,NA,NA,NA,NA,NA,NA,0.000610589981079102,NA
118,"unadj","tmle","m2",289,58.0741584322776,8.07415843227764,NA,NA,NA,NA,NA,NA,NA,NA,NA,NA,NA,NA,NA,NA,0.000461339950561523,NA
119,"unadj","tmle","m2",310,49.7571855453962,-0.242814454603831,NA,NA,NA,NA,NA,NA,NA,NA,NA,NA,NA,NA,NA,NA,0.000463485717773438,NA
120,"unadj","tmle","m2",304,47.3772250035223,-2.62277499647769,NA,NA,NA,NA,NA,NA,NA,NA,NA,NA,NA,NA,NA,NA,0.000715494155883789,NA
121,"unadj","tmle","m2",296,49.4486391601622,-0.551360839837798,NA,NA,NA,NA,NA,NA,NA,NA,NA,NA,NA,NA,NA,NA,0.000491619110107422,NA
122,"unadj","tmle","m2",316,73.074718820657,23.074718820657,NA,NA,NA,NA,NA,NA,NA,NA,NA,NA,NA,NA,NA,NA,0.000375270843505859,NA
123,"unadj","tmle","m2",307,68.7608819700757,18.7608819700757,NA,NA,NA,NA,NA,NA,NA,NA,NA,NA,NA,NA,NA,NA,0.000336647033691406,NA
124,"unadj","tmle","m2",317,60.4947510397893,10.4947510397893,NA,NA,NA,NA,NA,NA,NA,NA,NA,NA,NA,NA,NA,NA,0.000340461730957031,NA
125,"unadj","tmle","m2",307,63.18909439237,13.18909439237,NA,NA,NA,NA,NA,NA,NA,NA,NA,NA,NA,NA,NA,NA,0.000351905822753906,NA
126,"unadj","tmle","m2",306,51.8746484536089,1.87464845360887,NA,NA,NA,NA,NA,NA,NA,NA,NA,NA,NA,NA,NA,NA,0.000353336334228516,NA
127,"unadj","tmle","m2",310,72.4451040695169,22.4451040695169,NA,NA,NA,NA,NA,NA,NA,NA,NA,NA,NA,NA,NA,NA,0.000364780426025391,NA
128,"unadj","tmle","m2",306,72.0554059489417,22.0554059489417,NA,NA,NA,NA,NA,NA,NA,NA,NA,NA,NA,NA,NA,NA,0.000337362289428711,NA
129,"unadj","tmle","m2",305,52.1728686815729,2.17286868157285,NA,NA,NA,NA,NA,NA,NA,NA,NA,NA,NA,NA,NA,NA,0.000339984893798828,NA
130,"unadj","tmle","m2",306,55.8021796005698,5.80217960056979,NA,NA,NA,NA,NA,NA,NA,NA,NA,NA,NA,NA,NA,NA,0.000367641448974609,NA
131,"unadj","tmle","m2",326,63.8553955586499,13.8553955586499,NA,NA,NA,NA,NA,NA,NA,NA,NA,NA,NA,NA,NA,NA,0.00034332275390625,NA
132,"unadj","tmle","m2",310,64.9875077549878,14.9875077549878,NA,NA,NA,NA,NA,NA,NA,NA,NA,NA,NA,NA,NA,NA,0.000290632247924805,NA
133,"unadj","tmle","m2",300,48.0817356254535,-1.91826437454651,NA,NA,NA,NA,NA,NA,NA,NA,NA,NA,NA,NA,NA,NA,0.000324010848999023,NA
134,"unadj","tmle","m2",301,71.6889695228558,21.6889695228558,NA,NA,NA,NA,NA,NA,NA,NA,NA,NA,NA,NA,NA,NA,0.000314950942993164,NA
135,"unadj","tmle","m2",312,61.1460585707552,11.1460585707552,NA,NA,NA,NA,NA,NA,NA,NA,NA,NA,NA,NA,NA,NA,0.000295162200927734,NA
136,"unadj","tmle","m2",293,43.6022992729069,-6.39770072709308,NA,NA,NA,NA,NA,NA,NA,NA,NA,NA,NA,NA,NA,NA,0.000349998474121094,NA
137,"unadj","tmle","m2",297,66.1462985258338,16.1462985258338,NA,NA,NA,NA,NA,NA,NA,NA,NA,NA,NA,NA,NA,NA,0.000303030014038086,NA
138,"unadj","tmle","m2",309,57.7161513072834,7.71615130728335,NA,NA,NA,NA,NA,NA,NA,NA,NA,NA,NA,NA,NA,NA,0.000297784805297852,NA
139,"unadj","tmle","m2",300,55.9743484640143,5.97434846401433,NA,NA,NA,NA,NA,NA,NA,NA,NA,NA,NA,NA,NA,NA,0.000492572784423828,NA
140,"unadj","tmle","m2",312,67.9256793380822,17.9256793380822,NA,NA,NA,NA,NA,NA,NA,NA,NA,NA,NA,NA,NA,NA,0.000293731689453125,NA
141,"unadj","tmle","m2",315,47.1257781139586,-2.87422188604137,NA,NA,NA,NA,NA,NA,NA,NA,NA,NA,NA,NA,NA,NA,0.000315189361572266,NA
142,"unadj","tmle","m2",319,57.8774406578748,7.87744065787479,NA,NA,NA,NA,NA,NA,NA,NA,NA,NA,NA,NA,NA,NA,0.000324487686157227,NA
143,"unadj","tmle","m2",314,73.0660649812694,23.0660649812694,NA,NA,NA,NA,NA,NA,NA,NA,NA,NA,NA,NA,NA,NA,0.000300168991088867,NA
144,"unadj","tmle","m2",324,49.4942628508137,-0.505737149186274,NA,NA,NA,NA,NA,NA,NA,NA,NA,NA,NA,NA,NA,NA,0.000302791595458984,NA
145,"unadj","tmle","m2",301,48.3835287844953,-1.61647121550467,NA,NA,NA,NA,NA,NA,NA,NA,NA,NA,NA,NA,NA,NA,0.000332355499267578,NA
146,"unadj","tmle","m2",312,56.668107522197,6.66810752219698,NA,NA,NA,NA,NA,NA,NA,NA,NA,NA,NA,NA,NA,NA,0.000306606292724609,NA
147,"unadj","tmle","m2",329,80.2887156643585,30.2887156643585,NA,NA,NA,NA,NA,NA,NA,NA,NA,NA,NA,NA,NA,NA,0.000284671783447266,NA
148,"unadj","tmle","m2",292,76.8587509324684,26.8587509324684,NA,NA,NA,NA,NA,NA,NA,NA,NA,NA,NA,NA,NA,NA,0.000288248062133789,NA
149,"unadj","tmle","m2",301,64.8314592763965,14.8314592763965,NA,NA,NA,NA,NA,NA,NA,NA,NA,NA,NA,NA,NA,NA,0.000290155410766602,NA
150,"unadj","tmle","m2",303,51.6957050092562,1.69570500925616,NA,NA,NA,NA,NA,NA,NA,NA,NA,NA,NA,NA,NA,NA,0.000302791595458984,NA
151,"unadj","tmle","m2",305,67.3452143596989,17.3452143596989,NA,NA,NA,NA,NA,NA,NA,NA,NA,NA,NA,NA,NA,NA,0.000311613082885742,NA
152,"unadj","tmle","m2",300,59.9275539021732,9.92755390217323,NA,NA,NA,NA,NA,NA,NA,NA,NA,NA,NA,NA,NA,NA,0.000307798385620117,NA
153,"unadj","tmle","m2",284,39.7616411405374,-10.2383588594626,NA,NA,NA,NA,NA,NA,NA,NA,NA,NA,NA,NA,NA,NA,0.000394582748413086,NA
154,"unadj","tmle","m2",305,67.6920554784476,17.6920554784476,NA,NA,NA,NA,NA,NA,NA,NA,NA,NA,NA,NA,NA,NA,0.000294208526611328,NA
155,"unadj","tmle","m2",301,66.318384300955,16.318384300955,NA,NA,NA,NA,NA,NA,NA,NA,NA,NA,NA,NA,NA,NA,0.000323772430419922,NA
156,"unadj","tmle","m2",323,89.6137932262443,39.6137932262443,NA,NA,NA,NA,NA,NA,NA,NA,NA,NA,NA,NA,NA,NA,0.000303745269775391,NA
157,"unadj","tmle","m2",318,65.6332886457395,15.6332886457395,NA,NA,NA,NA,NA,NA,NA,NA,NA,NA,NA,NA,NA,NA,0.000334024429321289,NA
158,"unadj","tmle","m2",306,50.3252862195854,0.325286219585394,NA,NA,NA,NA,NA,NA,NA,NA,NA,NA,NA,NA,NA,NA,0.000315189361572266,NA
159,"unadj","tmle","m2",314,68.834065993093,18.834065993093,NA,NA,NA,NA,NA,NA,NA,NA,NA,NA,NA,NA,NA,NA,0.00027918815612793,NA
160,"unadj","tmle","m2",305,79.7379480277746,29.7379480277746,NA,NA,NA,NA,NA,NA,NA,NA,NA,NA,NA,NA,NA,NA,0.000296354293823242,NA
161,"unadj","tmle","m2",292,61.4584294244455,11.4584294244455,NA,NA,NA,NA,NA,NA,NA,NA,NA,NA,NA,NA,NA,NA,0.000318050384521484,NA
162,"unadj","tmle","m2",311,60.268955710088,10.268955710088,NA,NA,NA,NA,NA,NA,NA,NA,NA,NA,NA,NA,NA,NA,0.000313997268676758,NA
163,"unadj","tmle","m2",315,54.7976983955053,4.79769839550525,NA,NA,NA,NA,NA,NA,NA,NA,NA,NA,NA,NA,NA,NA,0.000303030014038086,NA
164,"unadj","tmle","m2",312,66.4009715363054,16.4009715363054,NA,NA,NA,NA,NA,NA,NA,NA,NA,NA,NA,NA,NA,NA,0.00030064582824707,NA
165,"unadj","tmle","m2",313,56.5125926640701,6.51259266407007,NA,NA,NA,NA,NA,NA,NA,NA,NA,NA,NA,NA,NA,NA,0.000288248062133789,NA
166,"unadj","tmle","m2",299,78.951251597734,28.951251597734,NA,NA,NA,NA,NA,NA,NA,NA,NA,NA,NA,NA,NA,NA,0.000298976898193359,NA
167,"unadj","tmle","m2",319,45.8282099173622,-4.17179008263784,NA,NA,NA,NA,NA,NA,NA,NA,NA,NA,NA,NA,NA,NA,0.000289678573608398,NA
168,"unadj","tmle","m2",308,60.9323892877992,10.9323892877992,NA,NA,NA,NA,NA,NA,NA,NA,NA,NA,NA,NA,NA,NA,0.000283002853393555,NA
169,"unadj","tmle","m2",321,64.0441110589344,14.0441110589344,NA,NA,NA,NA,NA,NA,NA,NA,NA,NA,NA,NA,NA,NA,0.000295877456665039,NA
170,"unadj","tmle","m2",310,60.0154148105815,10.0154148105815,NA,NA,NA,NA,NA,NA,NA,NA,NA,NA,NA,NA,NA,NA,0.000276803970336914,NA
171,"unadj","tmle","m2",306,63.0803306751855,13.0803306751855,NA,NA,NA,NA,NA,NA,NA,NA,NA,NA,NA,NA,NA,NA,0.000611066818237305,NA
172,"unadj","tmle","m2",301,73.0523875677776,23.0523875677776,NA,NA,NA,NA,NA,NA,NA,NA,NA,NA,NA,NA,NA,NA,0.000295400619506836,NA
173,"unadj","tmle","m2",297,63.4291329645482,13.4291329645482,NA,NA,NA,NA,NA,NA,NA,NA,NA,NA,NA,NA,NA,NA,0.000294208526611328,NA
174,"unadj","tmle","m2",314,24.6289766812016,-25.3710233187984,NA,NA,NA,NA,NA,NA,NA,NA,NA,NA,NA,NA,NA,NA,0.000287294387817383,NA
175,"unadj","tmle","m2",295,62.2633149912934,12.2633149912934,NA,NA,NA,NA,NA,NA,NA,NA,NA,NA,NA,NA,NA,NA,0.000285148620605469,NA
176,"unadj","tmle","m2",295,62.2594731020643,12.2594731020643,NA,NA,NA,NA,NA,NA,NA,NA,NA,NA,NA,NA,NA,NA,0.000295877456665039,NA
177,"unadj","tmle","m2",331,65.4537148777644,15.4537148777644,NA,NA,NA,NA,NA,NA,NA,NA,NA,NA,NA,NA,NA,NA,0.000288486480712891,NA
178,"unadj","tmle","m2",311,65.8305994944637,15.8305994944637,NA,NA,NA,NA,NA,NA,NA,NA,NA,NA,NA,NA,NA,NA,0.000295639038085938,NA
179,"unadj","tmle","m2",314,54.9943249583461,4.99432495834606,NA,NA,NA,NA,NA,NA,NA,NA,NA,NA,NA,NA,NA,NA,0.000292301177978516,NA
180,"unadj","tmle","m2",288,62.2388196596023,12.2388196596023,NA,NA,NA,NA,NA,NA,NA,NA,NA,NA,NA,NA,NA,NA,0.000441789627075195,NA
181,"unadj","tmle","m2",302,57.8338078935371,7.83380789353711,NA,NA,NA,NA,NA,NA,NA,NA,NA,NA,NA,NA,NA,NA,0.000284671783447266,NA
182,"unadj","tmle","m2",310,64.639860727675,14.639860727675,NA,NA,NA,NA,NA,NA,NA,NA,NA,NA,NA,NA,NA,NA,0.000304222106933594,NA
183,"unadj","tmle","m2",288,54.6511632390383,4.65116323903825,NA,NA,NA,NA,NA,NA,NA,NA,NA,NA,NA,NA,NA,NA,0.00029301643371582,NA
184,"unadj","tmle","m2",304,50.4367383759425,0.436738375942497,NA,NA,NA,NA,NA,NA,NA,NA,NA,NA,NA,NA,NA,NA,0.000307798385620117,NA
185,"unadj","tmle","m2",305,42.2006240554181,-7.79937594458187,NA,NA,NA,NA,NA,NA,NA,NA,NA,NA,NA,NA,NA,NA,0.000290393829345703,NA
186,"unadj","tmle","m2",307,42.48631492232,-7.51368507768004,NA,NA,NA,NA,NA,NA,NA,NA,NA,NA,NA,NA,NA,NA,0.000287055969238281,NA
187,"unadj","tmle","m2",308,49.1404500022789,-0.859549997721132,NA,NA,NA,NA,NA,NA,NA,NA,NA,NA,NA,NA,NA,NA,0.000286579132080078,NA
188,"unadj","tmle","m2",310,50.5586767856145,0.558676785614495,NA,NA,NA,NA,NA,NA,NA,NA,NA,NA,NA,NA,NA,NA,0.000305414199829102,NA
189,"unadj","tmle","m2",315,60.8368229540391,10.8368229540391,NA,NA,NA,NA,NA,NA,NA,NA,NA,NA,NA,NA,NA,NA,0.000494241714477539,NA
190,"unadj","tmle","m2",279,56.0590040209017,6.05900402090174,NA,NA,NA,NA,NA,NA,NA,NA,NA,NA,NA,NA,NA,NA,0.000299215316772461,NA
191,"unadj","tmle","m2",284,73.1050186293008,23.1050186293008,NA,NA,NA,NA,NA,NA,NA,NA,NA,NA,NA,NA,NA,NA,0.000304460525512695,NA
192,"unadj","tmle","m2",292,62.4275168260487,12.4275168260487,NA,NA,NA,NA,NA,NA,NA,NA,NA,NA,NA,NA,NA,NA,0.000297069549560547,NA
193,"unadj","tmle","m2",294,66.1851496530694,16.1851496530694,NA,NA,NA,NA,NA,NA,NA,NA,NA,NA,NA,NA,NA,NA,0.000298023223876953,NA
194,"unadj","tmle","m2",303,45.2847002034356,-4.71529979656438,NA,NA,NA,NA,NA,NA,NA,NA,NA,NA,NA,NA,NA,NA,0.000437259674072266,NA
195,"unadj","tmle","m2",304,79.2444112004556,29.2444112004556,NA,NA,NA,NA,NA,NA,NA,NA,NA,NA,NA,NA,NA,NA,0.000696182250976562,NA
196,"unadj","tmle","m2",311,81.3482135035349,31.3482135035349,NA,NA,NA,NA,NA,NA,NA,NA,NA,NA,NA,NA,NA,NA,0.000311136245727539,NA
197,"unadj","tmle","m2",307,62.7239140610184,12.7239140610184,NA,NA,NA,NA,NA,NA,NA,NA,NA,NA,NA,NA,NA,NA,0.000337362289428711,NA
198,"unadj","tmle","m2",319,70.7613176505258,20.7613176505258,NA,NA,NA,NA,NA,NA,NA,NA,NA,NA,NA,NA,NA,NA,0.000416994094848633,NA
199,"unadj","tmle","m2",289,73.9014800514947,23.9014800514947,NA,NA,NA,NA,NA,NA,NA,NA,NA,NA,NA,NA,NA,NA,0.000310420989990234,NA
200,"unadj","tmle","m2",318,60.5031336899785,10.5031336899785,NA,NA,NA,NA,NA,NA,NA,NA,NA,NA,NA,NA,NA,NA,0.00030207633972168,NA
201,"unadj","tmle","m2",320,46.8948431920478,-3.10515680795217,NA,NA,NA,NA,NA,NA,NA,NA,NA,NA,NA,NA,NA,NA,0.000436782836914062,NA
202,"unadj","tmle","m2",304,56.7985565106389,6.79855651063892,NA,NA,NA,NA,NA,NA,NA,NA,NA,NA,NA,NA,NA,NA,0.000335454940795898,NA
203,"unadj","tmle","m2",301,42.6103582533362,-7.38964174666378,NA,NA,NA,NA,NA,NA,NA,NA,NA,NA,NA,NA,NA,NA,0.000423669815063477,NA
204,"unadj","tmle","m2",309,47.3616963610081,-2.63830363899191,NA,NA,NA,NA,NA,NA,NA,NA,NA,NA,NA,NA,NA,NA,0.000500917434692383,NA
205,"unadj","tmle","m2",314,41.9282546067263,-8.07174539327372,NA,NA,NA,NA,NA,NA,NA,NA,NA,NA,NA,NA,NA,NA,0.000304937362670898,NA
206,"unadj","tmle","m2",293,44.1878779097017,-5.81212209029835,NA,NA,NA,NA,NA,NA,NA,NA,NA,NA,NA,NA,NA,NA,0.000446796417236328,NA
207,"unadj","tmle","m2",318,55.0608546265137,5.06085462651373,NA,NA,NA,NA,NA,NA,NA,NA,NA,NA,NA,NA,NA,NA,0.000357151031494141,NA
208,"unadj","tmle","m2",292,55.1582855565114,5.15828555651143,NA,NA,NA,NA,NA,NA,NA,NA,NA,NA,NA,NA,NA,NA,0.000333070755004883,NA
209,"unadj","tmle","m2",305,68.3351412011608,18.3351412011608,NA,NA,NA,NA,NA,NA,NA,NA,NA,NA,NA,NA,NA,NA,0.000346183776855469,NA
210,"unadj","tmle","m2",298,48.9558824513097,-1.04411754869025,NA,NA,NA,NA,NA,NA,NA,NA,NA,NA,NA,NA,NA,NA,0.000339269638061523,NA
211,"unadj","tmle","m2",292,34.1716822026547,-15.8283177973453,NA,NA,NA,NA,NA,NA,NA,NA,NA,NA,NA,NA,NA,NA,0.000363349914550781,NA
212,"unadj","tmle","m2",295,62.948506142433,12.948506142433,NA,NA,NA,NA,NA,NA,NA,NA,NA,NA,NA,NA,NA,NA,0.000411033630371094,NA
213,"unadj","tmle","m2",311,57.7036440223121,7.70364402231209,NA,NA,NA,NA,NA,NA,NA,NA,NA,NA,NA,NA,NA,NA,0.000456571578979492,NA
214,"unadj","tmle","m2",294,58.6705514923739,8.6705514923739,NA,NA,NA,NA,NA,NA,NA,NA,NA,NA,NA,NA,NA,NA,0.000361442565917969,NA
215,"unadj","tmle","m2",311,49.3794261224967,-0.620573877503318,NA,NA,NA,NA,NA,NA,NA,NA,NA,NA,NA,NA,NA,NA,0.000304460525512695,NA
216,"unadj","tmle","m2",298,50.7445824337055,0.744582433705546,NA,NA,NA,NA,NA,NA,NA,NA,NA,NA,NA,NA,NA,NA,0.000360012054443359,NA
217,"unadj","tmle","m2",293,66.1927076966333,16.1927076966333,NA,NA,NA,NA,NA,NA,NA,NA,NA,NA,NA,NA,NA,NA,0.000343799591064453,NA
218,"unadj","tmle","m2",297,49.8003591959559,-0.199640804044094,NA,NA,NA,NA,NA,NA,NA,NA,NA,NA,NA,NA,NA,NA,0.000434160232543945,NA
219,"unadj","tmle","m2",290,61.6080271853282,11.6080271853282,NA,NA,NA,NA,NA,NA,NA,NA,NA,NA,NA,NA,NA,NA,0.000333786010742188,NA
220,"unadj","tmle","m2",296,61.6393007465104,11.6393007465104,NA,NA,NA,NA,NA,NA,NA,NA,NA,NA,NA,NA,NA,NA,0.0004730224609375,NA
221,"unadj","tmle","m2",308,53.6889229416009,3.68892294160085,NA,NA,NA,NA,NA,NA,NA,NA,NA,NA,NA,NA,NA,NA,0.000338077545166016,NA
222,"unadj","tmle","m2",323,57.5868646263197,7.58686462631965,NA,NA,NA,NA,NA,NA,NA,NA,NA,NA,NA,NA,NA,NA,0.000365734100341797,NA
223,"unadj","tmle","m2",289,62.6359915681871,12.6359915681871,NA,NA,NA,NA,NA,NA,NA,NA,NA,NA,NA,NA,NA,NA,0.000702381134033203,NA
224,"unadj","tmle","m2",305,57.5604870990414,7.56048709904144,NA,NA,NA,NA,NA,NA,NA,NA,NA,NA,NA,NA,NA,NA,0.000308036804199219,NA
225,"unadj","tmle","m2",296,67.9320303507912,17.9320303507912,NA,NA,NA,NA,NA,NA,NA,NA,NA,NA,NA,NA,NA,NA,0.000301837921142578,NA
226,"unadj","tmle","m2",289,59.7837703488838,9.78377034888376,NA,NA,NA,NA,NA,NA,NA,NA,NA,NA,NA,NA,NA,NA,0.000287771224975586,NA
227,"unadj","tmle","m2",287,56.573762584819,6.57376258481895,NA,NA,NA,NA,NA,NA,NA,NA,NA,NA,NA,NA,NA,NA,0.000290632247924805,NA
228,"unadj","tmle","m2",297,63.2004109800912,13.2004109800912,NA,NA,NA,NA,NA,NA,NA,NA,NA,NA,NA,NA,NA,NA,0.000302553176879883,NA
229,"unadj","tmle","m2",295,57.1861287511987,7.18612875119865,NA,NA,NA,NA,NA,NA,NA,NA,NA,NA,NA,NA,NA,NA,0.000297069549560547,NA
230,"unadj","tmle","m2",309,87.2834482643948,37.2834482643948,NA,NA,NA,NA,NA,NA,NA,NA,NA,NA,NA,NA,NA,NA,0.0003204345703125,NA
231,"unadj","tmle","m2",305,60.4830275347298,10.4830275347298,NA,NA,NA,NA,NA,NA,NA,NA,NA,NA,NA,NA,NA,NA,0.000286579132080078,NA
232,"unadj","tmle","m2",300,57.9773299971585,7.97732999715853,NA,NA,NA,NA,NA,NA,NA,NA,NA,NA,NA,NA,NA,NA,0.000455856323242188,NA
233,"unadj","tmle","m2",309,74.3494821811828,24.3494821811828,NA,NA,NA,NA,NA,NA,NA,NA,NA,NA,NA,NA,NA,NA,0.000304222106933594,NA
234,"unadj","tmle","m2",294,45.9636224587821,-4.03637754121789,NA,NA,NA,NA,NA,NA,NA,NA,NA,NA,NA,NA,NA,NA,0.000348806381225586,NA
235,"unadj","tmle","m2",296,71.6215291215015,21.6215291215015,NA,NA,NA,NA,NA,NA,NA,NA,NA,NA,NA,NA,NA,NA,0.000303268432617188,NA
236,"unadj","tmle","m2",309,57.5662994126183,7.56629941261835,NA,NA,NA,NA,NA,NA,NA,NA,NA,NA,NA,NA,NA,NA,0.000299453735351562,NA
237,"unadj","tmle","m2",289,46.6845871232109,-3.31541287678905,NA,NA,NA,NA,NA,NA,NA,NA,NA,NA,NA,NA,NA,NA,0.000288009643554688,NA
238,"unadj","tmle","m2",294,75.456969283442,25.456969283442,NA,NA,NA,NA,NA,NA,NA,NA,NA,NA,NA,NA,NA,NA,0.000287055969238281,NA
239,"unadj","tmle","m2",303,63.0174082198405,13.0174082198405,NA,NA,NA,NA,NA,NA,NA,NA,NA,NA,NA,NA,NA,NA,0.000348329544067383,NA
240,"unadj","tmle","m2",303,49.3275861716474,-0.672413828352575,NA,NA,NA,NA,NA,NA,NA,NA,NA,NA,NA,NA,NA,NA,0.000300168991088867,NA
241,"unadj","tmle","m2",314,65.6153711577012,15.6153711577012,NA,NA,NA,NA,NA,NA,NA,NA,NA,NA,NA,NA,NA,NA,0.000518083572387695,NA
242,"unadj","tmle","m2",316,61.6100392825785,11.6100392825785,NA,NA,NA,NA,NA,NA,NA,NA,NA,NA,NA,NA,NA,NA,0.000291585922241211,NA
243,"unadj","tmle","m2",299,60.8762454611424,10.8762454611424,NA,NA,NA,NA,NA,NA,NA,NA,NA,NA,NA,NA,NA,NA,0.000315666198730469,NA
244,"unadj","tmle","m2",308,66.7326585289977,16.7326585289977,NA,NA,NA,NA,NA,NA,NA,NA,NA,NA,NA,NA,NA,NA,0.000288486480712891,NA
245,"unadj","tmle","m2",304,71.5798689591058,21.5798689591058,NA,NA,NA,NA,NA,NA,NA,NA,NA,NA,NA,NA,NA,NA,0.000292778015136719,NA
246,"unadj","tmle","m2",324,63.5170776866145,13.5170776866145,NA,NA,NA,NA,NA,NA,NA,NA,NA,NA,NA,NA,NA,NA,0.000288724899291992,NA
247,"unadj","tmle","m2",289,52.8205601002946,2.82056010029461,NA,NA,NA,NA,NA,NA,NA,NA,NA,NA,NA,NA,NA,NA,0.000290393829345703,NA
248,"unadj","tmle","m2",294,73.6936302008482,23.6936302008482,NA,NA,NA,NA,NA,NA,NA,NA,NA,NA,NA,NA,NA,NA,0.000301361083984375,NA
249,"unadj","tmle","m2",301,70.6351606721978,20.6351606721978,NA,NA,NA,NA,NA,NA,NA,NA,NA,NA,NA,NA,NA,NA,0.000318050384521484,NA
250,"unadj","tmle","m2",313,49.9228217008405,-0.0771782991594989,NA,NA,NA,NA,NA,NA,NA,NA,NA,NA,NA,NA,NA,NA,0.000479698181152344,NA
251,"unadj","tmle","m2",308,49.598110035312,-0.401889964687996,NA,NA,NA,NA,NA,NA,NA,NA,NA,NA,NA,NA,NA,NA,0.000321388244628906,NA
252,"unadj","tmle","m2",308,71.3722078074709,21.3722078074709,NA,NA,NA,NA,NA,NA,NA,NA,NA,NA,NA,NA,NA,NA,0.000309228897094727,NA
253,"unadj","tmle","m2",293,79.5247297809153,29.5247297809153,NA,NA,NA,NA,NA,NA,NA,NA,NA,NA,NA,NA,NA,NA,0.000373125076293945,NA
254,"unadj","tmle","m2",305,56.3184384512498,6.31843845124982,NA,NA,NA,NA,NA,NA,NA,NA,NA,NA,NA,NA,NA,NA,0.000301837921142578,NA
255,"unadj","tmle","m2",283,57.7483725927667,7.74837259276666,NA,NA,NA,NA,NA,NA,NA,NA,NA,NA,NA,NA,NA,NA,0.00030970573425293,NA
256,"unadj","tmle","m2",281,53.7088640043514,3.70886400435143,NA,NA,NA,NA,NA,NA,NA,NA,NA,NA,NA,NA,NA,NA,0.000293970108032227,NA
257,"unadj","tmle","m2",310,87.0250253319819,37.0250253319819,NA,NA,NA,NA,NA,NA,NA,NA,NA,NA,NA,NA,NA,NA,0.000307321548461914,NA
258,"unadj","tmle","m2",309,79.2728817061134,29.2728817061134,NA,NA,NA,NA,NA,NA,NA,NA,NA,NA,NA,NA,NA,NA,0.000287294387817383,NA
259,"unadj","tmle","m2",310,52.2028651169239,2.20286511692387,NA,NA,NA,NA,NA,NA,NA,NA,NA,NA,NA,NA,NA,NA,0.000487327575683594,NA
260,"unadj","tmle","m2",306,60.5308795946004,10.5308795946004,NA,NA,NA,NA,NA,NA,NA,NA,NA,NA,NA,NA,NA,NA,0.000283002853393555,NA
261,"unadj","tmle","m2",293,61.4461319028325,11.4461319028325,NA,NA,NA,NA,NA,NA,NA,NA,NA,NA,NA,NA,NA,NA,0.000300407409667969,NA
262,"unadj","tmle","m2",296,55.9886208249238,5.9886208249238,NA,NA,NA,NA,NA,NA,NA,NA,NA,NA,NA,NA,NA,NA,0.000291585922241211,NA
263,"unadj","tmle","m2",300,53.5817785184566,3.58177851845656,NA,NA,NA,NA,NA,NA,NA,NA,NA,NA,NA,NA,NA,NA,0.00029754638671875,NA
264,"unadj","tmle","m2",325,55.8914636513221,5.89146365132208,NA,NA,NA,NA,NA,NA,NA,NA,NA,NA,NA,NA,NA,NA,0.000292301177978516,NA
265,"unadj","tmle","m2",305,70.9291772211072,20.9291772211072,NA,NA,NA,NA,NA,NA,NA,NA,NA,NA,NA,NA,NA,NA,0.000297307968139648,NA
266,"unadj","tmle","m2",308,79.682578147666,29.682578147666,NA,NA,NA,NA,NA,NA,NA,NA,NA,NA,NA,NA,NA,NA,0.000288009643554688,NA
267,"unadj","tmle","m2",327,69.9966590920251,19.9966590920251,NA,NA,NA,NA,NA,NA,NA,NA,NA,NA,NA,NA,NA,NA,0.000288724899291992,NA
268,"unadj","tmle","m2",291,60.2962333708513,10.2962333708513,NA,NA,NA,NA,NA,NA,NA,NA,NA,NA,NA,NA,NA,NA,0.000296831130981445,NA
269,"unadj","tmle","m2",302,59.5783687955633,9.57836879556328,NA,NA,NA,NA,NA,NA,NA,NA,NA,NA,NA,NA,NA,NA,0.000308513641357422,NA
270,"unadj","tmle","m2",293,73.2887155679517,23.2887155679517,NA,NA,NA,NA,NA,NA,NA,NA,NA,NA,NA,NA,NA,NA,0.000551223754882812,NA
271,"unadj","tmle","m2",301,66.0441555412683,16.0441555412683,NA,NA,NA,NA,NA,NA,NA,NA,NA,NA,NA,NA,NA,NA,0.000283718109130859,NA
272,"unadj","tmle","m2",328,67.8200337040105,17.8200337040105,NA,NA,NA,NA,NA,NA,NA,NA,NA,NA,NA,NA,NA,NA,0.000299453735351562,NA
273,"unadj","tmle","m2",315,60.969137517457,10.969137517457,NA,NA,NA,NA,NA,NA,NA,NA,NA,NA,NA,NA,NA,NA,0.000288724899291992,NA
274,"unadj","tmle","m2",302,70.0091925827693,20.0091925827693,NA,NA,NA,NA,NA,NA,NA,NA,NA,NA,NA,NA,NA,NA,0.000299453735351562,NA
275,"unadj","tmle","m2",309,68.0889567142686,18.0889567142686,NA,NA,NA,NA,NA,NA,NA,NA,NA,NA,NA,NA,NA,NA,0.000298976898193359,NA
276,"unadj","tmle","m2",308,59.4322861711011,9.43228617110111,NA,NA,NA,NA,NA,NA,NA,NA,NA,NA,NA,NA,NA,NA,0.000290155410766602,NA
277,"unadj","tmle","m2",305,54.5627277394187,4.56272773941868,NA,NA,NA,NA,NA,NA,NA,NA,NA,NA,NA,NA,NA,NA,0.000321149826049805,NA
278,"unadj","tmle","m2",287,56.1101280891406,6.11012808914063,NA,NA,NA,NA,NA,NA,NA,NA,NA,NA,NA,NA,NA,NA,0.00969505310058594,NA
279,"unadj","tmle","m2",303,64.7289467223448,14.7289467223448,NA,NA,NA,NA,NA,NA,NA,NA,NA,NA,NA,NA,NA,NA,0.000327348709106445,NA
280,"unadj","tmle","m2",309,65.2629699694918,15.2629699694918,NA,NA,NA,NA,NA,NA,NA,NA,NA,NA,NA,NA,NA,NA,0.00029444694519043,NA
281,"unadj","tmle","m2",315,61.5586640456025,11.5586640456025,NA,NA,NA,NA,NA,NA,NA,NA,NA,NA,NA,NA,NA,NA,0.000293731689453125,NA
282,"unadj","tmle","m2",307,48.3333022048403,-1.66669779515971,NA,NA,NA,NA,NA,NA,NA,NA,NA,NA,NA,NA,NA,NA,0.000303030014038086,NA
283,"unadj","tmle","m2",303,73.1511717330307,23.1511717330307,NA,NA,NA,NA,NA,NA,NA,NA,NA,NA,NA,NA,NA,NA,0.000290870666503906,NA
284,"unadj","tmle","m2",294,51.3115104345901,1.3115104345901,NA,NA,NA,NA,NA,NA,NA,NA,NA,NA,NA,NA,NA,NA,0.000292062759399414,NA
285,"unadj","tmle","m2",301,53.3419105185385,3.34191051853847,NA,NA,NA,NA,NA,NA,NA,NA,NA,NA,NA,NA,NA,NA,0.000289440155029297,NA
286,"unadj","tmle","m2",308,51.2326815759336,1.23268157593355,NA,NA,NA,NA,NA,NA,NA,NA,NA,NA,NA,NA,NA,NA,0.000507354736328125,NA
287,"unadj","tmle","m2",287,80.292651743535,30.292651743535,NA,NA,NA,NA,NA,NA,NA,NA,NA,NA,NA,NA,NA,NA,0.00043940544128418,NA
288,"unadj","tmle","m2",290,66.7925690726931,16.7925690726931,NA,NA,NA,NA,NA,NA,NA,NA,NA,NA,NA,NA,NA,NA,0.000404596328735352,NA
289,"unadj","tmle","m2",309,63.0401481611734,13.0401481611734,NA,NA,NA,NA,NA,NA,NA,NA,NA,NA,NA,NA,NA,NA,0.000312089920043945,NA
290,"unadj","tmle","m2",316,49.9129892755582,-0.087010724441825,NA,NA,NA,NA,NA,NA,NA,NA,NA,NA,NA,NA,NA,NA,0.000301837921142578,NA
291,"unadj","tmle","m2",308,86.6850288244698,36.6850288244698,NA,NA,NA,NA,NA,NA,NA,NA,NA,NA,NA,NA,NA,NA,0.000302314758300781,NA
292,"unadj","tmle","m2",291,54.9015113448461,4.90151134484614,NA,NA,NA,NA,NA,NA,NA,NA,NA,NA,NA,NA,NA,NA,0.000296831130981445,NA
293,"unadj","tmle","m2",306,62.0938639035355,12.0938639035355,NA,NA,NA,NA,NA,NA,NA,NA,NA,NA,NA,NA,NA,NA,0.000350475311279297,NA
294,"unadj","tmle","m2",311,75.7415754731441,25.7415754731441,NA,NA,NA,NA,NA,NA,NA,NA,NA,NA,NA,NA,NA,NA,0.000276803970336914,NA
295,"unadj","tmle","m2",294,53.7459490424012,3.74594904240121,NA,NA,NA,NA,NA,NA,NA,NA,NA,NA,NA,NA,NA,NA,0.000336885452270508,NA
296,"unadj","tmle","m2",326,52.7002896406487,2.70028964064872,NA,NA,NA,NA,NA,NA,NA,NA,NA,NA,NA,NA,NA,NA,0.000302553176879883,NA
297,"unadj","tmle","m2",290,60.9366598437638,10.9366598437638,NA,NA,NA,NA,NA,NA,NA,NA,NA,NA,NA,NA,NA,NA,0.000295162200927734,NA
298,"unadj","tmle","m2",302,50.4336628915044,0.433662891504383,NA,NA,NA,NA,NA,NA,NA,NA,NA,NA,NA,NA,NA,NA,0.000310659408569336,NA
299,"unadj","tmle","m2",317,47.9536249940738,-2.04637500592617,NA,NA,NA,NA,NA,NA,NA,NA,NA,NA,NA,NA,NA,NA,0.000286579132080078,NA
300,"unadj","tmle","m2",307,64.4519277932509,14.4519277932509,NA,NA,NA,NA,NA,NA,NA,NA,NA,NA,NA,NA,NA,NA,0.000311374664306641,NA
301,"unadj","tmle","m2",309,50.1065817927423,0.106581792742332,NA,NA,NA,NA,NA,NA,NA,NA,NA,NA,NA,NA,NA,NA,0.000292778015136719,NA
302,"unadj","tmle","m2",303,48.6709317268697,-1.32906827313033,NA,NA,NA,NA,NA,NA,NA,NA,NA,NA,NA,NA,NA,NA,0.000291109085083008,NA
303,"unadj","tmle","m2",315,35.5844378828123,-14.4155621171877,NA,NA,NA,NA,NA,NA,NA,NA,NA,NA,NA,NA,NA,NA,0.000295400619506836,NA
304,"unadj","tmle","m2",317,54.1401384398227,4.14013843982269,NA,NA,NA,NA,NA,NA,NA,NA,NA,NA,NA,NA,NA,NA,0.000339746475219727,NA
305,"unadj","tmle","m2",301,44.8257455458233,-5.17425445417672,NA,NA,NA,NA,NA,NA,NA,NA,NA,NA,NA,NA,NA,NA,0.000340461730957031,NA
306,"unadj","tmle","m2",295,56.2530385218098,6.25303852180983,NA,NA,NA,NA,NA,NA,NA,NA,NA,NA,NA,NA,NA,NA,0.000334501266479492,NA
307,"unadj","tmle","m2",291,53.9568720684856,3.95687206848558,NA,NA,NA,NA,NA,NA,NA,NA,NA,NA,NA,NA,NA,NA,0.000291347503662109,NA
308,"unadj","tmle","m2",292,52.6477106452152,2.64771064521523,NA,NA,NA,NA,NA,NA,NA,NA,NA,NA,NA,NA,NA,NA,0.000303268432617188,NA
309,"unadj","tmle","m2",316,62.2139347650458,12.2139347650458,NA,NA,NA,NA,NA,NA,NA,NA,NA,NA,NA,NA,NA,NA,0.000306606292724609,NA
310,"unadj","tmle","m2",309,84.1108325479185,34.1108325479185,NA,NA,NA,NA,NA,NA,NA,NA,NA,NA,NA,NA,NA,NA,0.000306606292724609,NA
311,"unadj","tmle","m2",299,65.0703984238876,15.0703984238876,NA,NA,NA,NA,NA,NA,NA,NA,NA,NA,NA,NA,NA,NA,0.000296354293823242,NA
312,"unadj","tmle","m2",296,52.5081698692002,2.5081698692002,NA,NA,NA,NA,NA,NA,NA,NA,NA,NA,NA,NA,NA,NA,0.000276327133178711,NA
313,"unadj","tmle","m2",315,57.4365889366865,7.43658893668652,NA,NA,NA,NA,NA,NA,NA,NA,NA,NA,NA,NA,NA,NA,0.000295877456665039,NA
314,"unadj","tmle","m2",300,55.830694858641,5.83069485864104,NA,NA,NA,NA,NA,NA,NA,NA,NA,NA,NA,NA,NA,NA,0.000312089920043945,NA
315,"unadj","tmle","m2",311,46.9174139578179,-3.0825860421821,NA,NA,NA,NA,NA,NA,NA,NA,NA,NA,NA,NA,NA,NA,0.000315427780151367,NA
316,"unadj","tmle","m2",318,59.876535005575,9.87653500557502,NA,NA,NA,NA,NA,NA,NA,NA,NA,NA,NA,NA,NA,NA,0.000309228897094727,NA
317,"unadj","tmle","m2",292,72.1533053392174,22.1533053392174,NA,NA,NA,NA,NA,NA,NA,NA,NA,NA,NA,NA,NA,NA,0.000292062759399414,NA
318,"unadj","tmle","m2",296,82.4870494344756,32.4870494344756,NA,NA,NA,NA,NA,NA,NA,NA,NA,NA,NA,NA,NA,NA,0.000315427780151367,NA
319,"unadj","tmle","m2",312,65.7706506959991,15.7706506959991,NA,NA,NA,NA,NA,NA,NA,NA,NA,NA,NA,NA,NA,NA,0.000294685363769531,NA
320,"unadj","tmle","m2",298,52.334458073239,2.33445807323901,NA,NA,NA,NA,NA,NA,NA,NA,NA,NA,NA,NA,NA,NA,0.000298023223876953,NA
321,"unadj","tmle","m2",301,56.8788302139519,6.87883021395186,NA,NA,NA,NA,NA,NA,NA,NA,NA,NA,NA,NA,NA,NA,0.000299453735351562,NA
322,"unadj","tmle","m2",309,56.9699402371291,6.96994023712909,NA,NA,NA,NA,NA,NA,NA,NA,NA,NA,NA,NA,NA,NA,0.000355005264282227,NA
323,"unadj","tmle","m2",297,53.2944228772628,3.29442287726278,NA,NA,NA,NA,NA,NA,NA,NA,NA,NA,NA,NA,NA,NA,0.000345706939697266,NA
324,"unadj","tmle","m2",293,55.5486781977213,5.54867819772133,NA,NA,NA,NA,NA,NA,NA,NA,NA,NA,NA,NA,NA,NA,0.000298500061035156,NA
325,"unadj","tmle","m2",303,60.641140830223,10.641140830223,NA,NA,NA,NA,NA,NA,NA,NA,NA,NA,NA,NA,NA,NA,0.000339031219482422,NA
326,"unadj","tmle","m2",306,61.4878336362795,11.4878336362795,NA,NA,NA,NA,NA,NA,NA,NA,NA,NA,NA,NA,NA,NA,0.000294208526611328,NA
327,"unadj","tmle","m2",297,56.5615047774353,6.56150477743532,NA,NA,NA,NA,NA,NA,NA,NA,NA,NA,NA,NA,NA,NA,0.000287532806396484,NA
328,"unadj","tmle","m2",304,57.973962968292,7.973962968292,NA,NA,NA,NA,NA,NA,NA,NA,NA,NA,NA,NA,NA,NA,0.000294923782348633,NA
329,"unadj","tmle","m2",313,55.5535010495911,5.55350104959112,NA,NA,NA,NA,NA,NA,NA,NA,NA,NA,NA,NA,NA,NA,0.00030517578125,NA
330,"unadj","tmle","m2",310,53.8324682118261,3.8324682118261,NA,NA,NA,NA,NA,NA,NA,NA,NA,NA,NA,NA,NA,NA,0.000273466110229492,NA
331,"unadj","tmle","m2",300,59.2551196539998,9.25511965399983,NA,NA,NA,NA,NA,NA,NA,NA,NA,NA,NA,NA,NA,NA,0.000284433364868164,NA
332,"unadj","tmle","m2",313,60.6827378206424,10.6827378206424,NA,NA,NA,NA,NA,NA,NA,NA,NA,NA,NA,NA,NA,NA,0.000337600708007812,NA
333,"unadj","tmle","m2",315,74.6829363084471,24.6829363084471,NA,NA,NA,NA,NA,NA,NA,NA,NA,NA,NA,NA,NA,NA,0.000306606292724609,NA
334,"unadj","tmle","m2",312,45.7859169199106,-4.21408308008935,NA,NA,NA,NA,NA,NA,NA,NA,NA,NA,NA,NA,NA,NA,0.000297069549560547,NA
335,"unadj","tmle","m2",329,47.8739973702824,-2.12600262971759,NA,NA,NA,NA,NA,NA,NA,NA,NA,NA,NA,NA,NA,NA,0.000289678573608398,NA
336,"unadj","tmle","m2",319,53.6382369234811,3.63823692348109,NA,NA,NA,NA,NA,NA,NA,NA,NA,NA,NA,NA,NA,NA,0.000302314758300781,NA
337,"unadj","tmle","m2",313,44.5094124002171,-5.49058759978294,NA,NA,NA,NA,NA,NA,NA,NA,NA,NA,NA,NA,NA,NA,0.000288009643554688,NA
338,"unadj","tmle","m2",306,49.1231535924207,-0.876846407579336,NA,NA,NA,NA,NA,NA,NA,NA,NA,NA,NA,NA,NA,NA,0.000291347503662109,NA
339,"unadj","tmle","m2",294,57.9607908183472,7.96079081834716,NA,NA,NA,NA,NA,NA,NA,NA,NA,NA,NA,NA,NA,NA,0.000296354293823242,NA
340,"unadj","tmle","m2",311,73.5741983825717,23.5741983825717,NA,NA,NA,NA,NA,NA,NA,NA,NA,NA,NA,NA,NA,NA,0.000290393829345703,NA
341,"unadj","tmle","m2",308,67.6921987068008,17.6921987068008,NA,NA,NA,NA,NA,NA,NA,NA,NA,NA,NA,NA,NA,NA,0.000315189361572266,NA
342,"unadj","tmle","m2",299,51.0657641171286,1.06576411712857,NA,NA,NA,NA,NA,NA,NA,NA,NA,NA,NA,NA,NA,NA,0.000346660614013672,NA
343,"unadj","tmle","m2",299,46.8790504196186,-3.12094958038142,NA,NA,NA,NA,NA,NA,NA,NA,NA,NA,NA,NA,NA,NA,0.00030064582824707,NA
344,"unadj","tmle","m2",309,73.1371286259883,23.1371286259883,NA,NA,NA,NA,NA,NA,NA,NA,NA,NA,NA,NA,NA,NA,0.000305891036987305,NA
345,"unadj","tmle","m2",306,60.5846541508634,10.5846541508634,NA,NA,NA,NA,NA,NA,NA,NA,NA,NA,NA,NA,NA,NA,0.000309944152832031,NA
346,"unadj","tmle","m2",313,70.1346489476056,20.1346489476056,NA,NA,NA,NA,NA,NA,NA,NA,NA,NA,NA,NA,NA,NA,0.000321626663208008,NA
347,"unadj","tmle","m2",306,55.4037959022207,5.40379590222071,NA,NA,NA,NA,NA,NA,NA,NA,NA,NA,NA,NA,NA,NA,0.000288486480712891,NA
348,"unadj","tmle","m2",309,50.6099926188124,0.609992618812413,NA,NA,NA,NA,NA,NA,NA,NA,NA,NA,NA,NA,NA,NA,0.000296354293823242,NA
349,"unadj","tmle","m2",314,71.5107872302356,21.5107872302356,NA,NA,NA,NA,NA,NA,NA,NA,NA,NA,NA,NA,NA,NA,0.000302314758300781,NA
350,"unadj","tmle","m2",314,85.1023448219091,35.1023448219091,NA,NA,NA,NA,NA,NA,NA,NA,NA,NA,NA,NA,NA,NA,0.000569343566894531,NA
351,"unadj","tmle","m2",302,46.722191332345,-3.27780866765497,NA,NA,NA,NA,NA,NA,NA,NA,NA,NA,NA,NA,NA,NA,0.000307083129882812,NA
352,"unadj","tmle","m2",287,52.477147353376,2.47714735337595,NA,NA,NA,NA,NA,NA,NA,NA,NA,NA,NA,NA,NA,NA,0.0003204345703125,NA
353,"unadj","tmle","m2",298,62.874656993889,12.874656993889,NA,NA,NA,NA,NA,NA,NA,NA,NA,NA,NA,NA,NA,NA,0.000303030014038086,NA
354,"unadj","tmle","m2",301,69.4755876306498,19.4755876306498,NA,NA,NA,NA,NA,NA,NA,NA,NA,NA,NA,NA,NA,NA,0.000294685363769531,NA
355,"unadj","tmle","m2",310,60.7148309735145,10.7148309735145,NA,NA,NA,NA,NA,NA,NA,NA,NA,NA,NA,NA,NA,NA,0.000291824340820312,NA
356,"unadj","tmle","m2",302,57.6564438983021,7.65644389830209,NA,NA,NA,NA,NA,NA,NA,NA,NA,NA,NA,NA,NA,NA,0.000292778015136719,NA
357,"unadj","tmle","m2",305,52.9814478606452,2.9814478606452,NA,NA,NA,NA,NA,NA,NA,NA,NA,NA,NA,NA,NA,NA,0.000280857086181641,NA
358,"unadj","tmle","m2",310,58.5049223672908,8.50492236729079,NA,NA,NA,NA,NA,NA,NA,NA,NA,NA,NA,NA,NA,NA,0.000292539596557617,NA
359,"unadj","tmle","m2",313,48.6855982179656,-1.31440178203439,NA,NA,NA,NA,NA,NA,NA,NA,NA,NA,NA,NA,NA,NA,0.000303745269775391,NA
360,"unadj","tmle","m2",308,50.908221356299,0.908221356298952,NA,NA,NA,NA,NA,NA,NA,NA,NA,NA,NA,NA,NA,NA,0.000303506851196289,NA
361,"unadj","tmle","m2",309,72.5561403200289,22.5561403200289,NA,NA,NA,NA,NA,NA,NA,NA,NA,NA,NA,NA,NA,NA,0.000322580337524414,NA
362,"unadj","tmle","m2",303,57.7198175825021,7.71981758250209,NA,NA,NA,NA,NA,NA,NA,NA,NA,NA,NA,NA,NA,NA,0.000296831130981445,NA
363,"unadj","tmle","m2",296,55.1011444414093,5.10114444140933,NA,NA,NA,NA,NA,NA,NA,NA,NA,NA,NA,NA,NA,NA,0.000288248062133789,NA
364,"unadj","tmle","m2",317,54.3435243781875,4.34352437818751,NA,NA,NA,NA,NA,NA,NA,NA,NA,NA,NA,NA,NA,NA,0.000278711318969727,NA
365,"unadj","tmle","m2",297,67.5442798777696,17.5442798777696,NA,NA,NA,NA,NA,NA,NA,NA,NA,NA,NA,NA,NA,NA,0.000283956527709961,NA
366,"unadj","tmle","m2",319,53.9514125817377,3.95141258173766,NA,NA,NA,NA,NA,NA,NA,NA,NA,NA,NA,NA,NA,NA,0.000306844711303711,NA
367,"unadj","tmle","m2",295,39.451451309007,-10.548548690993,NA,NA,NA,NA,NA,NA,NA,NA,NA,NA,NA,NA,NA,NA,0.000298261642456055,NA
368,"unadj","tmle","m2",309,42.3759360413703,-7.62406395862968,NA,NA,NA,NA,NA,NA,NA,NA,NA,NA,NA,NA,NA,NA,0.000298738479614258,NA
369,"unadj","tmle","m2",302,55.3223705901487,5.32237059014872,NA,NA,NA,NA,NA,NA,NA,NA,NA,NA,NA,NA,NA,NA,0.000309467315673828,NA
370,"unadj","tmle","m2",293,48.4284842143699,-1.57151578563008,NA,NA,NA,NA,NA,NA,NA,NA,NA,NA,NA,NA,NA,NA,0.000312089920043945,NA
371,"unadj","tmle","m2",319,44.5995089493967,-5.40049105060328,NA,NA,NA,NA,NA,NA,NA,NA,NA,NA,NA,NA,NA,NA,0.000303268432617188,NA
372,"unadj","tmle","m2",300,69.4244947695246,19.4244947695246,NA,NA,NA,NA,NA,NA,NA,NA,NA,NA,NA,NA,NA,NA,0.000294208526611328,NA
373,"unadj","tmle","m2",281,73.7490655203646,23.7490655203646,NA,NA,NA,NA,NA,NA,NA,NA,NA,NA,NA,NA,NA,NA,0.000297069549560547,NA
374,"unadj","tmle","m2",316,73.6330819781973,23.6330819781973,NA,NA,NA,NA,NA,NA,NA,NA,NA,NA,NA,NA,NA,NA,0.000423192977905273,NA
375,"unadj","tmle","m2",320,53.2468051363411,3.2468051363411,NA,NA,NA,NA,NA,NA,NA,NA,NA,NA,NA,NA,NA,NA,0.000294208526611328,NA
376,"unadj","tmle","m2",300,62.5848136759163,12.5848136759163,NA,NA,NA,NA,NA,NA,NA,NA,NA,NA,NA,NA,NA,NA,0.000296354293823242,NA
377,"unadj","tmle","m2",280,67.5730707255653,17.5730707255653,NA,NA,NA,NA,NA,NA,NA,NA,NA,NA,NA,NA,NA,NA,0.000296354293823242,NA
378,"unadj","tmle","m2",296,71.8894284900103,21.8894284900103,NA,NA,NA,NA,NA,NA,NA,NA,NA,NA,NA,NA,NA,NA,0.000313282012939453,NA
379,"unadj","tmle","m2",317,67.5616884596198,17.5616884596198,NA,NA,NA,NA,NA,NA,NA,NA,NA,NA,NA,NA,NA,NA,0.000303983688354492,NA
380,"unadj","tmle","m2",297,50.9809618349246,0.980961834924614,NA,NA,NA,NA,NA,NA,NA,NA,NA,NA,NA,NA,NA,NA,0.000303506851196289,NA
381,"unadj","tmle","m2",306,62.086510964972,12.086510964972,NA,NA,NA,NA,NA,NA,NA,NA,NA,NA,NA,NA,NA,NA,0.000297069549560547,NA
382,"unadj","tmle","m2",307,61.6414565658007,11.6414565658007,NA,NA,NA,NA,NA,NA,NA,NA,NA,NA,NA,NA,NA,NA,0.000301599502563477,NA
383,"unadj","tmle","m2",305,71.907078047281,21.907078047281,NA,NA,NA,NA,NA,NA,NA,NA,NA,NA,NA,NA,NA,NA,0.000316858291625977,NA
384,"unadj","tmle","m2",298,61.9652248258225,11.9652248258225,NA,NA,NA,NA,NA,NA,NA,NA,NA,NA,NA,NA,NA,NA,0.000285148620605469,NA
385,"unadj","tmle","m2",297,57.307606358254,7.30760635825405,NA,NA,NA,NA,NA,NA,NA,NA,NA,NA,NA,NA,NA,NA,0.000289678573608398,NA
386,"unadj","tmle","m2",293,85.7440557929328,35.7440557929328,NA,NA,NA,NA,NA,NA,NA,NA,NA,NA,NA,NA,NA,NA,0.000298023223876953,NA
387,"unadj","tmle","m2",295,72.5831993727131,22.5831993727131,NA,NA,NA,NA,NA,NA,NA,NA,NA,NA,NA,NA,NA,NA,0.000316858291625977,NA
388,"unadj","tmle","m2",291,57.9620478308549,7.96204783085489,NA,NA,NA,NA,NA,NA,NA,NA,NA,NA,NA,NA,NA,NA,0.000316381454467773,NA
389,"unadj","tmle","m2",325,73.7151865859362,23.7151865859362,NA,NA,NA,NA,NA,NA,NA,NA,NA,NA,NA,NA,NA,NA,0.00029301643371582,NA
390,"unadj","tmle","m2",299,47.4961590201728,-2.50384097982723,NA,NA,NA,NA,NA,NA,NA,NA,NA,NA,NA,NA,NA,NA,0.000298976898193359,NA
391,"unadj","tmle","m2",306,54.7671351849125,4.76713518491252,NA,NA,NA,NA,NA,NA,NA,NA,NA,NA,NA,NA,NA,NA,0.000278234481811523,NA
392,"unadj","tmle","m2",310,56.8098608663772,6.80986086637719,NA,NA,NA,NA,NA,NA,NA,NA,NA,NA,NA,NA,NA,NA,0.000297069549560547,NA
393,"unadj","tmle","m2",308,54.0177729276444,4.01777292764436,NA,NA,NA,NA,NA,NA,NA,NA,NA,NA,NA,NA,NA,NA,0.00030517578125,NA
394,"unadj","tmle","m2",311,55.7398829707588,5.73988297075883,NA,NA,NA,NA,NA,NA,NA,NA,NA,NA,NA,NA,NA,NA,0.000299930572509766,NA
395,"unadj","tmle","m2",308,42.7888021822055,-7.2111978177945,NA,NA,NA,NA,NA,NA,NA,NA,NA,NA,NA,NA,NA,NA,0.00031280517578125,NA
396,"unadj","tmle","m2",314,70.6498485425238,20.6498485425238,NA,NA,NA,NA,NA,NA,NA,NA,NA,NA,NA,NA,NA,NA,0.000318050384521484,NA
397,"unadj","tmle","m2",282,68.0358428906992,18.0358428906992,NA,NA,NA,NA,NA,NA,NA,NA,NA,NA,NA,NA,NA,NA,0.000317096710205078,NA
398,"unadj","tmle","m2",302,65.3049659852211,15.3049659852211,NA,NA,NA,NA,NA,NA,NA,NA,NA,NA,NA,NA,NA,NA,0.000291824340820312,NA
399,"unadj","tmle","m2",302,67.22471971953,17.22471971953,NA,NA,NA,NA,NA,NA,NA,NA,NA,NA,NA,NA,NA,NA,0.000297784805297852,NA
400,"unadj","tmle","m2",315,57.7713667327359,7.77136673273586,NA,NA,NA,NA,NA,NA,NA,NA,NA,NA,NA,NA,NA,NA,0.000299453735351562,NA
401,"unadj","tmle","m2",320,61.2787880925475,11.2787880925475,NA,NA,NA,NA,NA,NA,NA,NA,NA,NA,NA,NA,NA,NA,0.000301837921142578,NA
402,"unadj","tmle","m2",296,47.8848709454916,-2.11512905450843,NA,NA,NA,NA,NA,NA,NA,NA,NA,NA,NA,NA,NA,NA,0.000304460525512695,NA
403,"unadj","tmle","m2",307,48.1953742417149,-1.80462575828508,NA,NA,NA,NA,NA,NA,NA,NA,NA,NA,NA,NA,NA,NA,0.000308513641357422,NA
404,"unadj","tmle","m2",300,59.2762059783725,9.2762059783725,NA,NA,NA,NA,NA,NA,NA,NA,NA,NA,NA,NA,NA,NA,0.000314712524414062,NA
405,"unadj","tmle","m2",301,68.7120236666537,18.7120236666537,NA,NA,NA,NA,NA,NA,NA,NA,NA,NA,NA,NA,NA,NA,0.000328540802001953,NA
406,"unadj","tmle","m2",306,55.19861883718,5.19861883717996,NA,NA,NA,NA,NA,NA,NA,NA,NA,NA,NA,NA,NA,NA,0.00031280517578125,NA
407,"unadj","tmle","m2",312,78.4639438614703,28.4639438614703,NA,NA,NA,NA,NA,NA,NA,NA,NA,NA,NA,NA,NA,NA,0.000298023223876953,NA
408,"unadj","tmle","m2",305,69.0626902148348,19.0626902148348,NA,NA,NA,NA,NA,NA,NA,NA,NA,NA,NA,NA,NA,NA,0.000298500061035156,NA
409,"unadj","tmle","m2",330,62.7232990031363,12.7232990031363,NA,NA,NA,NA,NA,NA,NA,NA,NA,NA,NA,NA,NA,NA,0.000292539596557617,NA
410,"unadj","tmle","m2",286,59.7565360818366,9.75653608183663,NA,NA,NA,NA,NA,NA,NA,NA,NA,NA,NA,NA,NA,NA,0.000313043594360352,NA
411,"unadj","tmle","m2",302,71.2918515143558,21.2918515143558,NA,NA,NA,NA,NA,NA,NA,NA,NA,NA,NA,NA,NA,NA,0.000284194946289062,NA
412,"unadj","tmle","m2",310,66.7974128342402,16.7974128342402,NA,NA,NA,NA,NA,NA,NA,NA,NA,NA,NA,NA,NA,NA,0.000294208526611328,NA
413,"unadj","tmle","m2",293,69.8823586256799,19.8823586256799,NA,NA,NA,NA,NA,NA,NA,NA,NA,NA,NA,NA,NA,NA,0.000316143035888672,NA
414,"unadj","tmle","m2",291,40.8112499029397,-9.18875009706025,NA,NA,NA,NA,NA,NA,NA,NA,NA,NA,NA,NA,NA,NA,0.000315189361572266,NA
415,"unadj","tmle","m2",302,60.1966765758138,10.1966765758138,NA,NA,NA,NA,NA,NA,NA,NA,NA,NA,NA,NA,NA,NA,0.000287294387817383,NA
416,"unadj","tmle","m2",309,52.9428203601347,2.94282036013473,NA,NA,NA,NA,NA,NA,NA,NA,NA,NA,NA,NA,NA,NA,0.000303268432617188,NA
417,"unadj","tmle","m2",293,62.0210428114664,12.0210428114664,NA,NA,NA,NA,NA,NA,NA,NA,NA,NA,NA,NA,NA,NA,0.000284194946289062,NA
418,"unadj","tmle","m2",270,58.6037159544579,8.6037159544579,NA,NA,NA,NA,NA,NA,NA,NA,NA,NA,NA,NA,NA,NA,0.00029444694519043,NA
419,"unadj","tmle","m2",319,48.3141012046603,-1.68589879533965,NA,NA,NA,NA,NA,NA,NA,NA,NA,NA,NA,NA,NA,NA,0.000417709350585938,NA
420,"unadj","tmle","m2",307,77.2043348570141,27.2043348570141,NA,NA,NA,NA,NA,NA,NA,NA,NA,NA,NA,NA,NA,NA,0.0002899169921875,NA
421,"unadj","tmle","m2",295,44.9827642586848,-5.01723574131518,NA,NA,NA,NA,NA,NA,NA,NA,NA,NA,NA,NA,NA,NA,0.000305891036987305,NA
422,"unadj","tmle","m2",311,54.7541231709049,4.75412317090493,NA,NA,NA,NA,NA,NA,NA,NA,NA,NA,NA,NA,NA,NA,0.000304460525512695,NA
423,"unadj","tmle","m2",321,66.8803791642764,16.8803791642764,NA,NA,NA,NA,NA,NA,NA,NA,NA,NA,NA,NA,NA,NA,0.000304460525512695,NA
424,"unadj","tmle","m2",317,69.5036601652567,19.5036601652567,NA,NA,NA,NA,NA,NA,NA,NA,NA,NA,NA,NA,NA,NA,0.000298500061035156,NA
425,"unadj","tmle","m2",295,49.1775876380858,-0.822412361914246,NA,NA,NA,NA,NA,NA,NA,NA,NA,NA,NA,NA,NA,NA,0.000293731689453125,NA
426,"unadj","tmle","m2",305,65.0833432631119,15.0833432631119,NA,NA,NA,NA,NA,NA,NA,NA,NA,NA,NA,NA,NA,NA,0.000293970108032227,NA
427,"unadj","tmle","m2",328,52.7798198501157,2.77981985011567,NA,NA,NA,NA,NA,NA,NA,NA,NA,NA,NA,NA,NA,NA,0.000310182571411133,NA
428,"unadj","tmle","m2",329,51.7901842654832,1.79018426548322,NA,NA,NA,NA,NA,NA,NA,NA,NA,NA,NA,NA,NA,NA,0.000318765640258789,NA
429,"unadj","tmle","m2",314,59.3234555439714,9.32345554397139,NA,NA,NA,NA,NA,NA,NA,NA,NA,NA,NA,NA,NA,NA,0.00030827522277832,NA
430,"unadj","tmle","m2",300,45.1773366545429,-4.82266334545713,NA,NA,NA,NA,NA,NA,NA,NA,NA,NA,NA,NA,NA,NA,0.000314235687255859,NA
431,"unadj","tmle","m2",297,61.3993434270259,11.3993434270259,NA,NA,NA,NA,NA,NA,NA,NA,NA,NA,NA,NA,NA,NA,0.000304937362670898,NA
432,"unadj","tmle","m2",304,53.8805839849063,3.88058398490631,NA,NA,NA,NA,NA,NA,NA,NA,NA,NA,NA,NA,NA,NA,0.000301122665405273,NA
433,"unadj","tmle","m2",293,52.6740908121441,2.67409081214413,NA,NA,NA,NA,NA,NA,NA,NA,NA,NA,NA,NA,NA,NA,0.000326633453369141,NA
434,"unadj","tmle","m2",309,53.3902730855839,3.39027308558389,NA,NA,NA,NA,NA,NA,NA,NA,NA,NA,NA,NA,NA,NA,0.000299692153930664,NA
435,"unadj","tmle","m2",315,42.3713508501969,-7.62864914980307,NA,NA,NA,NA,NA,NA,NA,NA,NA,NA,NA,NA,NA,NA,0.000331878662109375,NA
436,"unadj","tmle","m2",313,65.1519251534617,15.1519251534617,NA,NA,NA,NA,NA,NA,NA,NA,NA,NA,NA,NA,NA,NA,0.000345468521118164,NA
437,"unadj","tmle","m2",304,76.8760351321272,26.8760351321272,NA,NA,NA,NA,NA,NA,NA,NA,NA,NA,NA,NA,NA,NA,0.000303745269775391,NA
438,"unadj","tmle","m2",297,55.5779518686144,5.57795186861438,NA,NA,NA,NA,NA,NA,NA,NA,NA,NA,NA,NA,NA,NA,0.000299692153930664,NA
439,"unadj","tmle","m2",302,60.0283553501262,10.0283553501262,NA,NA,NA,NA,NA,NA,NA,NA,NA,NA,NA,NA,NA,NA,0.000294208526611328,NA
440,"unadj","tmle","m2",303,53.8859742345826,3.88597423458256,NA,NA,NA,NA,NA,NA,NA,NA,NA,NA,NA,NA,NA,NA,0.000335454940795898,NA
441,"unadj","tmle","m2",290,52.9185511046362,2.91855110463624,NA,NA,NA,NA,NA,NA,NA,NA,NA,NA,NA,NA,NA,NA,0.00030064582824707,NA
442,"unadj","tmle","m2",293,75.8115192260791,25.8115192260791,NA,NA,NA,NA,NA,NA,NA,NA,NA,NA,NA,NA,NA,NA,0.000308513641357422,NA
443,"unadj","tmle","m2",308,58.1904614697314,8.19046146973139,NA,NA,NA,NA,NA,NA,NA,NA,NA,NA,NA,NA,NA,NA,0.000298500061035156,NA
444,"unadj","tmle","m2",310,66.3825251842888,16.3825251842888,NA,NA,NA,NA,NA,NA,NA,NA,NA,NA,NA,NA,NA,NA,0.00030970573425293,NA
445,"unadj","tmle","m2",286,54.313666503482,4.31366650348201,NA,NA,NA,NA,NA,NA,NA,NA,NA,NA,NA,NA,NA,NA,0.000302314758300781,NA
446,"unadj","tmle","m2",304,58.9689716399153,8.96897163991531,NA,NA,NA,NA,NA,NA,NA,NA,NA,NA,NA,NA,NA,NA,0.000301599502563477,NA
447,"unadj","tmle","m2",302,42.5975802772323,-7.40241972276769,NA,NA,NA,NA,NA,NA,NA,NA,NA,NA,NA,NA,NA,NA,0.000292778015136719,NA
448,"unadj","tmle","m2",322,72.2037171484472,22.2037171484472,NA,NA,NA,NA,NA,NA,NA,NA,NA,NA,NA,NA,NA,NA,0.000295162200927734,NA
449,"unadj","tmle","m2",296,54.9866975242106,4.98669752421063,NA,NA,NA,NA,NA,NA,NA,NA,NA,NA,NA,NA,NA,NA,0.000300407409667969,NA
450,"unadj","tmle","m2",287,63.3144461336545,13.3144461336545,NA,NA,NA,NA,NA,NA,NA,NA,NA,NA,NA,NA,NA,NA,0.000307083129882812,NA
451,"unadj","tmle","m2",314,66.7844917639734,16.7844917639734,NA,NA,NA,NA,NA,NA,NA,NA,NA,NA,NA,NA,NA,NA,0.000299215316772461,NA
452,"unadj","tmle","m2",304,51.5855163096724,1.58551630967244,NA,NA,NA,NA,NA,NA,NA,NA,NA,NA,NA,NA,NA,NA,0.000296115875244141,NA
453,"unadj","tmle","m2",292,62.2302864446223,12.2302864446223,NA,NA,NA,NA,NA,NA,NA,NA,NA,NA,NA,NA,NA,NA,0.000298976898193359,NA
454,"unadj","tmle","m2",304,64.7700655384971,14.7700655384971,NA,NA,NA,NA,NA,NA,NA,NA,NA,NA,NA,NA,NA,NA,0.000310420989990234,NA
455,"unadj","tmle","m2",296,61.7867739698218,11.7867739698218,NA,NA,NA,NA,NA,NA,NA,NA,NA,NA,NA,NA,NA,NA,0.000291824340820312,NA
456,"unadj","tmle","m2",305,45.33344747365,-4.66655252634999,NA,NA,NA,NA,NA,NA,NA,NA,NA,NA,NA,NA,NA,NA,0.000295162200927734,NA
457,"unadj","tmle","m2",297,44.3535088788055,-5.64649112119452,NA,NA,NA,NA,NA,NA,NA,NA,NA,NA,NA,NA,NA,NA,0.000276088714599609,NA
458,"unadj","tmle","m2",319,55.2282306295878,5.22823062958778,NA,NA,NA,NA,NA,NA,NA,NA,NA,NA,NA,NA,NA,NA,0.000400543212890625,NA
459,"unadj","tmle","m2",303,50.6273113918125,0.627311391812526,NA,NA,NA,NA,NA,NA,NA,NA,NA,NA,NA,NA,NA,NA,0.000304698944091797,NA
460,"unadj","tmle","m2",301,74.0654006172618,24.0654006172618,NA,NA,NA,NA,NA,NA,NA,NA,NA,NA,NA,NA,NA,NA,0.000313043594360352,NA
461,"unadj","tmle","m2",306,66.8506766603163,16.8506766603163,NA,NA,NA,NA,NA,NA,NA,NA,NA,NA,NA,NA,NA,NA,0.000279903411865234,NA
462,"unadj","tmle","m2",302,58.826492237553,8.826492237553,NA,NA,NA,NA,NA,NA,NA,NA,NA,NA,NA,NA,NA,NA,0.000312328338623047,NA
463,"unadj","tmle","m2",291,45.7037293884776,-4.29627061152243,NA,NA,NA,NA,NA,NA,NA,NA,NA,NA,NA,NA,NA,NA,0.000298500061035156,NA
464,"unadj","tmle","m2",299,43.1351738214496,-6.8648261785504,NA,NA,NA,NA,NA,NA,NA,NA,NA,NA,NA,NA,NA,NA,0.000305652618408203,NA
465,"unadj","tmle","m2",313,55.6991755766661,5.69917557666608,NA,NA,NA,NA,NA,NA,NA,NA,NA,NA,NA,NA,NA,NA,0.000294923782348633,NA
466,"unadj","tmle","m2",286,68.2244478120864,18.2244478120864,NA,NA,NA,NA,NA,NA,NA,NA,NA,NA,NA,NA,NA,NA,0.000298500061035156,NA
467,"unadj","tmle","m2",288,47.574688615978,-2.42531138402202,NA,NA,NA,NA,NA,NA,NA,NA,NA,NA,NA,NA,NA,NA,0.000290393829345703,NA
468,"unadj","tmle","m2",306,61.3610654253322,11.3610654253322,NA,NA,NA,NA,NA,NA,NA,NA,NA,NA,NA,NA,NA,NA,0.00030827522277832,NA
469,"unadj","tmle","m2",298,68.1600164687233,18.1600164687233,NA,NA,NA,NA,NA,NA,NA,NA,NA,NA,NA,NA,NA,NA,0.000306844711303711,NA
470,"unadj","tmle","m2",308,69.7602257099632,19.7602257099632,NA,NA,NA,NA,NA,NA,NA,NA,NA,NA,NA,NA,NA,NA,0.000325679779052734,NA
471,"unadj","tmle","m2",309,64.6477311565066,14.6477311565066,NA,NA,NA,NA,NA,NA,NA,NA,NA,NA,NA,NA,NA,NA,0.000310420989990234,NA
472,"unadj","tmle","m2",298,73.0717701047314,23.0717701047314,NA,NA,NA,NA,NA,NA,NA,NA,NA,NA,NA,NA,NA,NA,0.00030970573425293,NA
473,"unadj","tmle","m2",326,53.8729412874378,3.87294128743778,NA,NA,NA,NA,NA,NA,NA,NA,NA,NA,NA,NA,NA,NA,0.00030970573425293,NA
474,"unadj","tmle","m2",305,38.9353258651396,-11.0646741348604,NA,NA,NA,NA,NA,NA,NA,NA,NA,NA,NA,NA,NA,NA,0.000301599502563477,NA
475,"unadj","tmle","m2",287,66.9383001493622,16.9383001493622,NA,NA,NA,NA,NA,NA,NA,NA,NA,NA,NA,NA,NA,NA,0.000290870666503906,NA
476,"unadj","tmle","m2",308,69.1340436782811,19.1340436782811,NA,NA,NA,NA,NA,NA,NA,NA,NA,NA,NA,NA,NA,NA,0.00028681755065918,NA
477,"unadj","tmle","m2",300,49.5402057911025,-0.459794208897478,NA,NA,NA,NA,NA,NA,NA,NA,NA,NA,NA,NA,NA,NA,0.000296115875244141,NA
478,"unadj","tmle","m2",309,57.1652231995003,7.16522319950033,NA,NA,NA,NA,NA,NA,NA,NA,NA,NA,NA,NA,NA,NA,0.000311136245727539,NA
479,"unadj","tmle","m2",293,48.0554242540469,-1.94457574595313,NA,NA,NA,NA,NA,NA,NA,NA,NA,NA,NA,NA,NA,NA,0.000306606292724609,NA
480,"unadj","tmle","m2",314,63.4347873591955,13.4347873591955,NA,NA,NA,NA,NA,NA,NA,NA,NA,NA,NA,NA,NA,NA,0.000299692153930664,NA
481,"unadj","tmle","m2",301,69.1380386760106,19.1380386760106,NA,NA,NA,NA,NA,NA,NA,NA,NA,NA,NA,NA,NA,NA,0.00029444694519043,NA
482,"unadj","tmle","m2",302,62.4475317287713,12.4475317287713,NA,NA,NA,NA,NA,NA,NA,NA,NA,NA,NA,NA,NA,NA,0.000300884246826172,NA
483,"unadj","tmle","m2",309,75.0921395100642,25.0921395100642,NA,NA,NA,NA,NA,NA,NA,NA,NA,NA,NA,NA,NA,NA,0.000294208526611328,NA
484,"unadj","tmle","m2",282,43.5394603664586,-6.46053963354137,NA,NA,NA,NA,NA,NA,NA,NA,NA,NA,NA,NA,NA,NA,0.00030207633972168,NA
485,"unadj","tmle","m2",299,95.6322719437787,45.6322719437787,NA,NA,NA,NA,NA,NA,NA,NA,NA,NA,NA,NA,NA,NA,0.000295400619506836,NA
486,"unadj","tmle","m2",298,58.0977271598954,8.09772715989544,NA,NA,NA,NA,NA,NA,NA,NA,NA,NA,NA,NA,NA,NA,0.000305891036987305,NA
487,"unadj","tmle","m2",313,65.6510813368891,15.6510813368891,NA,NA,NA,NA,NA,NA,NA,NA,NA,NA,NA,NA,NA,NA,0.000319242477416992,NA
488,"unadj","tmle","m2",308,68.9860392426107,18.9860392426107,NA,NA,NA,NA,NA,NA,NA,NA,NA,NA,NA,NA,NA,NA,0.000321865081787109,NA
489,"unadj","tmle","m2",307,53.3267356328069,3.32673563280687,NA,NA,NA,NA,NA,NA,NA,NA,NA,NA,NA,NA,NA,NA,0.000285625457763672,NA
490,"unadj","tmle","m2",305,48.8358424949434,-1.16415750505658,NA,NA,NA,NA,NA,NA,NA,NA,NA,NA,NA,NA,NA,NA,0.000313520431518555,NA
491,"unadj","tmle","m2",314,70.3943716114461,20.3943716114461,NA,NA,NA,NA,NA,NA,NA,NA,NA,NA,NA,NA,NA,NA,0.000292539596557617,NA
492,"unadj","tmle","m2",276,60.2949694357205,10.2949694357205,NA,NA,NA,NA,NA,NA,NA,NA,NA,NA,NA,NA,NA,NA,0.000296354293823242,NA
493,"unadj","tmle","m2",316,61.3666089144366,11.3666089144366,NA,NA,NA,NA,NA,NA,NA,NA,NA,NA,NA,NA,NA,NA,0.000306367874145508,NA
494,"unadj","tmle","m2",303,51.2530358717895,1.25303587178948,NA,NA,NA,NA,NA,NA,NA,NA,NA,NA,NA,NA,NA,NA,0.000314712524414062,NA
495,"unadj","tmle","m2",300,53.7043896290632,3.70438962906317,NA,NA,NA,NA,NA,NA,NA,NA,NA,NA,NA,NA,NA,NA,0.000288248062133789,NA
496,"unadj","tmle","m2",299,67.9184992036969,17.9184992036969,NA,NA,NA,NA,NA,NA,NA,NA,NA,NA,NA,NA,NA,NA,0.000308990478515625,NA
497,"unadj","tmle","m2",290,64.3144357920485,14.3144357920485,NA,NA,NA,NA,NA,NA,NA,NA,NA,NA,NA,NA,NA,NA,0.000310659408569336,NA
498,"unadj","tmle","m2",305,48.916701873054,-1.083298126946,NA,NA,NA,NA,NA,NA,NA,NA,NA,NA,NA,NA,NA,NA,0.000311613082885742,NA
499,"unadj","tmle","m2",298,45.7906536077793,-4.20934639222068,NA,NA,NA,NA,NA,NA,NA,NA,NA,NA,NA,NA,NA,NA,0.000310182571411133,NA
500,"unadj","tmle","m2",305,54.0623235698257,4.06232356982574,NA,NA,NA,NA,NA,NA,NA,NA,NA,NA,NA,NA,NA,NA,0.000311374664306641,NA
